crops,Area Acres,Per Area yield (KG),Production in (KG),Year_range,crop_type,year mid point,crop indexing,location
barley/jab,880,360,317000,2015-2016,CEAREALS,2015.5,1,Bangladesh
barley/jab,84,353,287000,2016-2017,CEAREALS,2016.5,1,Bangladesh
barley/jab,745,328,244000,2017-2018,CEAREALS,2017.5,1,Bangladesh
barley/jab,471,333,157000,2018-2019,CEAREALS,2018.5,1,Bangladesh
barley/jab,361.68,343.81,124350,2019-2020,CEAREALS,2019.5,1,Bangladesh
barley/jab,460.62,378.01,174120,2020-2021,CEAREALS,2020.5,1,Bangladesh
barley/jab,453.1,380.53,172420,2021-2022,CEAREALS,2021.5,1,Bangladesh
barley/jab,418.4,380.45,159180,2022-2023,CEAREALS,2022.5,1,Bangladesh
barley/jab,395.08,494.43,195340,2023-2024,CEAREALS,2023.5,1,Bangladesh
barley/jab,286.17,514.1,147120,2024-2025,CEAREALS,2024.5,1,Bangladesh
bazra,89,539,48000,2015-2016,CEAREALS,2015.5,1,Bangladesh
bazra,76,526,40000,2016-2017,CEAREALS,2016.5,1,Bangladesh
bazra,71,535,38000,2017-2018,CEAREALS,2017.5,1,Bangladesh
binnidana,30.43,626,19040,2018-2019,CEAREALS,2018.5,1,Bangladesh
binnidana,9.1,531.87,4840,2019-2020,CEAREALS,2019.5,1,Bangladesh
binnidana,22,485.45,10680,2020-2021,CEAREALS,2020.5,1,Bangladesh
binnidana,18.65,551.74,10290,2021-2022,CEAREALS,2021.5,1,Bangladesh
cheena&kaon,2920,421,1229000,2015-2016,CEAREALS,2015.5,1,Bangladesh
cheena&kaon,2627,401,1054000,2016-2017,CEAREALS,2016.5,1,Bangladesh
cheena&kaon,2245,419,940000,2017-2018,CEAREALS,2017.5,1,Bangladesh
cheena&kaon,1541,400,617000,2018-2019,CEAREALS,2018.5,1,Bangladesh
cheena&kaon,1300.55,357.49,464930,2019-2020,CEAREALS,2019.5,1,Bangladesh
cheena&kaon,1988.67,473.68,942000,2020-2021,CEAREALS,2020.5,1,Bangladesh
cheena&kaon,1798.16,428.08,769760,2021-2022,CEAREALS,2021.5,1,Bangladesh
cheena&kaon,1685.4,459.79,774930,2022-2023,CEAREALS,2022.5,1,Bangladesh
cheena&kaon,1685.99,447.02,753670,2023-2024,CEAREALS,2023.5,1,Bangladesh
cheena&kaon,1641.86,459.93,755140,2024-2025,CEAREALS,2024.5,1,Bangladesh
maize(summer),128659,2209,284230000,2015-2016,CEAREALS,2015.5,1,Bangladesh
maize(summer),146014,2319,338560000,2016-2017,CEAREALS,2016.5,1,Bangladesh
maize(summer),157443,2502,393938000,2017-2018,CEAREALS,2017.5,1,Bangladesh
maize(summer),1099884,3245,3569321000,2018-2019,CEAREALS,2018.5,1,Bangladesh
maize(summer),192426,2532,487277000,2019-2020,CEAREALS,2019.5,1,Bangladesh
maize(summer),206440.73,2677.59,552764080,2020-2021,CEAREALS,2020.5,1,Bangladesh
maize(summer),197283.4,2777.99,548051670,2021-2022,CEAREALS,2021.5,1,Bangladesh
maize(summer),195390.99,2859.49,558719540,2022-2023,CEAREALS,2022.5,1,Bangladesh
maize(summer),211405.82,2979.32,629844960,2023-2024,CEAREALS,2023.5,1,Bangladesh
maize(summer),214127.49,2954.31,632599200,2024-2025,CEAREALS,2024.5,1,Bangladesh
maize(winter),698728,3093,2161348000,2015-2016,CEAREALS,2015.5,1,Bangladesh
maize(winter),816986,3289,2686832000,2016-2017,CEAREALS,2016.5,1,Bangladesh
maize(winter),832139,3478,2894164000,2017-2018,CEAREALS,2017.5,1,Bangladesh
maize(winter),922876,3381,3119855000,2018-2019,CEAREALS,2018.5,1,Bangladesh
maize(winter),973168,3625,3528029000,2019-2020,CEAREALS,2019.5,1,Bangladesh
maize(winter),979210.77,3639.33,3563674380,2020-2021,CEAREALS,2020.5,1,Bangladesh
maize(winter),984415.51,3772.59,3713793070,2021-2022,CEAREALS,2021.5,1,Bangladesh
maize(winter),1031908.38,3879.98,4003788090,2022-2023,CEAREALS,2022.5,1,Bangladesh
maize(winter),1060671.2,4003.2,4246074220,2023-2024,CEAREALS,2023.5,1,Bangladesh
maize(winter),1118647.98,4356.1,4872939170,2024-2025,CEAREALS,2024.5,1,Bangladesh
othercereals(summer),615,195,1174000,2015-2016,CEAREALS,2015.5,1,Bangladesh
othercereals(summer),389,457,0,2016-2017,CEAREALS,2016.5,1,Bangladesh
othercereals(winter),30,267,8000,2015-2016,CEAREALS,2015.5,1,Bangladesh
othercereals(winter),81,349,28000,2016-2017,CEAREALS,2016.5,1,Bangladesh
sorghum/jower(summer),143,441,63000,2015-2016,CEAREALS,2015.5,1,Bangladesh
sorghum/jower(summer),132,439,58000,2016-2017,CEAREALS,2016.5,1,Bangladesh
sorghum/jower(summer),106,472,50000,2017-2018,CEAREALS,2017.5,1,Bangladesh
sorghum/jower(summer),105,457,48000,2018-2019,CEAREALS,2018.5,1,Bangladesh
sorghum/jower(summer),101,455,46000,2019-2020,CEAREALS,2019.5,1,Bangladesh
sorghum/jower(summer),90,467,42010,2020-2021,CEAREALS,2020.5,1,Bangladesh
sorghum/jower(summer),120.5,485.23,58470,2021-2022,CEAREALS,2021.5,1,Bangladesh
sorghum/jower(summer),72,534.17,38460,2022-2023,CEAREALS,2022.5,1,Bangladesh
sorghum/jower(summer),73.32,534.64,39200,2023-2024,CEAREALS,2023.5,1,Bangladesh
sorghum/jower(summer),73.04,533.95,39000,2024-2025,CEAREALS,2024.5,1,Bangladesh
sorghum/jower(winter),87,448,39000,2015-2016,CEAREALS,2015.5,1,Bangladesh
sorghum/jower(winter),75,453,34000,2016-2017,CEAREALS,2016.5,1,Bangladesh
sorghum/jower(winter),75,493,37000,2017-2018,CEAREALS,2017.5,1,Bangladesh
sorghum/jower(winter),95,421,40000,2018-2019,CEAREALS,2018.5,1,Bangladesh
sorghum/jower(winter),63,492,31000,2019-2020,CEAREALS,2019.5,1,Bangladesh
sorghum/jower(winter),44.5,486.97,21670,2020-2021,CEAREALS,2020.5,1,Bangladesh
sorghum/jower(winter),44.2,487.33,21540,2021-2022,CEAREALS,2021.5,1,Bangladesh
sorghum/jower(winter),44.8,487.95,21860,2022-2023,CEAREALS,2022.5,1,Bangladesh
sorghum/jower(winter),45.7,488.4,22320,2023-2024,CEAREALS,2023.5,1,Bangladesh
sorghum/jower(winter),45.6,488.38,22270,2024-2025,CEAREALS,2024.5,1,Bangladesh
blackcumin,30.43,626,19040,2018-2019,CONDIMENTS & SPICES,2018.5,1,Bangladesh
blackcumin,2129,472,1005000,2019-2020,CONDIMENTS & SPICES,2019.5,1,Bangladesh
blackcumin,2487.37,429.39,1068060,2020-2021,CONDIMENTS & SPICES,2020.5,1,Bangladesh
blackcumin,2733.39,491.63,1343830,2021-2022,CONDIMENTS & SPICES,2021.5,1,Bangladesh
blackcumin,2825.48,483.16,1365160,2022-2023,CONDIMENTS & SPICES,2022.5,1,Bangladesh
blackcumin,2896.15,487.04,1410530,2023-2024,CONDIMENTS & SPICES,2023.5,1,Bangladesh
blackcumin,2793.39,511.69,1429340,2024-2025,CONDIMENTS & SPICES,2024.5,1,Bangladesh
capsicum,8,1375,11000,2018-2019,CONDIMENTS & SPICES,2018.5,1,Bangladesh
capsicum,13.4,2902.2,38890,2019-2020,CONDIMENTS & SPICES,2019.5,1,Bangladesh
capsicum,54.02,3267.42,176510,2020-2021,CONDIMENTS & SPICES,2020.5,1,Bangladesh
capsicum,48.87,3097.61,151380,2021-2022,CONDIMENTS & SPICES,2021.5,1,Bangladesh
capsicum,94.35,3047.27,287510,2022-2023,CONDIMENTS & SPICES,2022.5,1,Bangladesh
capsicum,111.03,2922.35,324470,2023-2024,CONDIMENTS & SPICES,2023.5,1,Bangladesh
capsicum,118.53,4005.91,474820,2024-2025,CONDIMENTS & SPICES,2024.5,1,Bangladesh
cassia-leaf,1145.02,10.28,1501220,2022-2023,CONDIMENTS & SPICES,2022.5,1,Bangladesh
chilies(summer),43173,723,31204000,2015-2016,CONDIMENTS & SPICES,2015.5,1,Bangladesh
chilies(summer),43637,713,31108000,2016-2017,CONDIMENTS & SPICES,2016.5,1,Bangladesh
chilies(summer),45726,786,35941000,2017-2018,CONDIMENTS & SPICES,2017.5,1,Bangladesh
chilies(summer),43947,989,43452000,2018-2019,CONDIMENTS & SPICES,2018.5,1,Bangladesh
chilies(summer),48367,944,45644000,2019-2020,CONDIMENTS & SPICES,2019.5,1,Bangladesh
chilies(summer),50671.78,1956.24,99126300,2020-2021,CONDIMENTS & SPICES,2020.5,1,Bangladesh
chilies(summer),50291.18,2557.15,128602240,2021-2022,CONDIMENTS & SPICES,2021.5,1,Bangladesh
chilies(summer),51499.92,3016.43,155346030,2022-2023,CONDIMENTS & SPICES,2022.5,1,Bangladesh
chilies(summer),53161.09,3506.46,186404330,2023-2024,CONDIMENTS & SPICES,2023.5,1,Bangladesh
chilies(summer),50624,3286.09,166355050,2024-2025,CONDIMENTS & SPICES,2024.5,1,Bangladesh
chilies(winter),208699,475,99056000,2015-2016,CONDIMENTS & SPICES,2015.5,1,Bangladesh
chilies(winter),211824,499,105764000,2016-2017,CONDIMENTS & SPICES,2016.5,1,Bangladesh
chilies(winter),204022,516,105236000,2017-2018,CONDIMENTS & SPICES,2017.5,1,Bangladesh
chilies(winter),195256,543,106021000,2018-2019,CONDIMENTS & SPICES,2018.5,1,Bangladesh
chilies(winter),191076,585.96,111963000,2019-2020,CONDIMENTS & SPICES,2019.5,1,Bangladesh
chilies(winter),196768.37,2000.1,393555620,2020-2021,CONDIMENTS & SPICES,2020.5,1,Bangladesh
chilies(winter),192709.69,2574.98,496223530,2021-2022,CONDIMENTS & SPICES,2021.5,1,Bangladesh
chilies(winter),188888.78,2685.18,507200880,2022-2023,CONDIMENTS & SPICES,2022.5,1,Bangladesh
chilies(winter),191521.12,2934.02,561927160,2023-2024,CONDIMENTS & SPICES,2023.5,1,Bangladesh
chilies(winter),190909.53,2940.65,561397380,2024-2025,CONDIMENTS & SPICES,2024.5,1,Bangladesh
corianderleaf,7377,744,5487000,2018-2019,CONDIMENTS & SPICES,2018.5,1,Bangladesh
corianderleaf,7508.73,748,5616620,2019-2020,CONDIMENTS & SPICES,2019.5,1,Bangladesh
corianderleaf,8112.26,777.71,6309000,2020-2021,CONDIMENTS & SPICES,2020.5,1,Bangladesh
corianderleaf,9212,850.66,7836320,2021-2022,CONDIMENTS & SPICES,2021.5,1,Bangladesh
corianderleaf,50196.17,444.97,22336020,2022-2023,CONDIMENTS & SPICES,2022.5,1,Bangladesh
corianderleaf,9578.75,909.54,8712260,2022-2023,CONDIMENTS & SPICES,2022.5,1,Bangladesh
corianderleaf,49836.3,471.66,23505850,2023-2024,CONDIMENTS & SPICES,2023.5,1,Bangladesh
corianderleaf,9972.96,921.95,9194550,2023-2024,CONDIMENTS & SPICES,2023.5,1,Bangladesh
corianderleaf,48451.87,466.95,22624570,2024-2025,CONDIMENTS & SPICES,2024.5,1,Bangladesh
corianderleaf,10260.36,949.97,9747010,2024-2025,CONDIMENTS & SPICES,2024.5,1,Bangladesh
corianderseed,44704,395,17642000,2015-2016,CONDIMENTS & SPICES,2015.5,1,Bangladesh
corianderseed,43886,382,16779000,2016-2017,CONDIMENTS & SPICES,2016.5,1,Bangladesh
corianderseed,42475,393,16680000,2017-2018,CONDIMENTS & SPICES,2017.5,1,Bangladesh
corianderseed,50049,386,19295000,2018-2019,CONDIMENTS & SPICES,2018.5,1,Bangladesh
corianderseed,50100,426.1,21346490,2019-2020,CONDIMENTS & SPICES,2019.5,1,Bangladesh
corianderseed,50020.01,430.2,21518840,2020-2021,CONDIMENTS & SPICES,2020.5,1,Bangladesh
corianderseed,50956.97,436.64,22249890,2021-2022,CONDIMENTS & SPICES,2021.5,1,Bangladesh
fenugreekplant(methi),366,505,185000,2020-2021,CONDIMENTS & SPICES,2020.5,1,Bangladesh
fenugreekplant(methi),328.38,551.5,181100,2022-2023,CONDIMENTS & SPICES,2022.5,1,Bangladesh
fenugreekplant(methi),224.59,588.14,132090,2024-2025,CONDIMENTS & SPICES,2024.5,1,Bangladesh
fenugreekplant(methi),369,501,185000,2018-2019,CONDIMENTS & SPICES,2018.5,1,Bangladesh
fenugreekplant(methi),379,528,200000,2019-2020,CONDIMENTS & SPICES,2019.5,1,Bangladesh
fenugreekplant(methi),348.42,567.22,197630,2021-2022,CONDIMENTS & SPICES,2021.5,1,Bangladesh
fenugreekplant(methi),239.12,564.9,135080,2023-2024,CONDIMENTS & SPICES,2023.5,1,Bangladesh
garlic,150117,2544,381851000,2015-2016,CONDIMENTS & SPICES,2015.5,1,Bangladesh
garlic,163733,2598,425401000,2016-2017,CONDIMENTS & SPICES,2016.5,1,Bangladesh
garlic,176464,2618,461970000,2017-2018,CONDIMENTS & SPICES,2017.5,1,Bangladesh
garlic,177262,2631,466389000,2018-2019,CONDIMENTS & SPICES,2018.5,1,Bangladesh
garlic,181778,2670.5,485448000,2019-2020,CONDIMENTS & SPICES,2019.5,1,Bangladesh
garlic,180034.75,2786.19,501611520,2020-2021,CONDIMENTS & SPICES,2020.5,1,Bangladesh
garlic,178435.56,2952.43,526819160,2021-2022,CONDIMENTS & SPICES,2021.5,1,Bangladesh
garlic,177114.66,3099.16,548907160,2022-2023,CONDIMENTS & SPICES,2022.5,1,Bangladesh
garlic,174515.45,3023.6,527665180,2023-2024,CONDIMENTS & SPICES,2023.5,1,Bangladesh
garlic,174488.16,3241.95,565682200,2024-2025,CONDIMENTS & SPICES,2024.5,1,Bangladesh
ginger,23400,3303,77290000,2015-2016,CONDIMENTS & SPICES,2015.5,1,Bangladesh
ginger,22998,3369,77478000,2016-2017,CONDIMENTS & SPICES,2016.5,1,Bangladesh
ginger,23745,3345,79438000,2017-2018,CONDIMENTS & SPICES,2017.5,1,Bangladesh
ginger,23747,3379,80234000,2018-2019,CONDIMENTS & SPICES,2018.5,1,Bangladesh
ginger,25462,3333.9,84887650,2019-2020,CONDIMENTS & SPICES,2019.5,1,Bangladesh
ginger,25393.53,3217.98,81715760,2020-2021,CONDIMENTS & SPICES,2020.5,1,Bangladesh
ginger,25770.41,3187.87,82152730,2021-2022,CONDIMENTS & SPICES,2021.5,1,Bangladesh
ginger,25687.7,3259.39,83726180,2022-2023,CONDIMENTS & SPICES,2022.5,1,Bangladesh
ginger,25668.22,3240.38,83174870,2023-2024,CONDIMENTS & SPICES,2023.5,1,Bangladesh
ginger,25829.52,3263.99,84307420,2024-2025,CONDIMENTS & SPICES,2024.5,1,Bangladesh
joyeen,32.55,276.5,9000,2020-2021,CONDIMENTS & SPICES,2020.5,1,Bangladesh
joyeen,27.35,358.32,9800,2021-2022,CONDIMENTS & SPICES,2021.5,1,Bangladesh
joyeen,23.15,313.17,7250,2022-2023,CONDIMENTS & SPICES,2022.5,1,Bangladesh
joyeen,9.94,252.52,2151000,2023-2024,CONDIMENTS & SPICES,2023.5,1,Bangladesh
joyeen,12.05,299.59,3610,2024-2025,CONDIMENTS & SPICES,2024.5,1,Bangladesh
mint,9,1000,9000,2018-2019,CONDIMENTS & SPICES,2018.5,1,Bangladesh
mint,11.39,519,5910,2019-2020,CONDIMENTS & SPICES,2019.5,1,Bangladesh
mint,9.54,411.95,3930,2020-2021,CONDIMENTS & SPICES,2020.5,1,Bangladesh
mint,25.43,2499.02,63550,2021-2022,CONDIMENTS & SPICES,2021.5,1,Bangladesh
mint,46.33,2120.01,98220,2022-2023,CONDIMENTS & SPICES,2022.5,1,Bangladesh
mint,34.25,2521.75,46370,2023-2024,CONDIMENTS & SPICES,2023.5,1,Bangladesh
mint,72.92,1326.93,96760,2024-2025,CONDIMENTS & SPICES,2024.5,1,Bangladesh
onion,438406,3958,1735334000,2015-2016,CONDIMENTS & SPICES,2015.5,1,Bangladesh
onion,458969,4067,1866502000,2016-2017,CONDIMENTS & SPICES,2016.5,1,Bangladesh
onion,441105,3939,1737714000,2017-2018,CONDIMENTS & SPICES,2017.5,1,Bangladesh
onion,426157,4231,1802868000,2018-2019,CONDIMENTS & SPICES,2018.5,1,Bangladesh
onion,457809,4268,1953800000,2019-2020,CONDIMENTS & SPICES,2019.5,1,Bangladesh
onion,480105.91,4725.53,2268754080,2020-2021,CONDIMENTS & SPICES,2020.5,1,Bangladesh
onion,507557.05,4959.19,2517070760,2021-2022,CONDIMENTS & SPICES,2021.5,1,Bangladesh
onion,502909.23,5064.52,2546994260,2022-2023,CONDIMENTS & SPICES,2022.5,1,Bangladesh
onion,513526.97,5681.01,2917354260,2023-2024,CONDIMENTS & SPICES,2023.5,1,Bangladesh
onion,535598.74,6014.64,3221431020,2024-2025,CONDIMENTS & SPICES,2024.5,1,Bangladesh
othercondimentandspices(temporary),7157,565,4044000,2015-2016,CONDIMENTS & SPICES,2015.5,1,Bangladesh
othercondimentandspices(temporary),10329,640,6606000,2016-2017,CONDIMENTS & SPICES,2016.5,1,Bangladesh
othercondimentandspices(temporary),9287,691,6414000,2017-2018,CONDIMENTS & SPICES,2017.5,1,Bangladesh
turmeric,62014,2256,139877000,2015-2016,CONDIMENTS & SPICES,2015.5,1,Bangladesh
turmeric,62746,2288,143542000,2016-2017,CONDIMENTS & SPICES,2016.5,1,Bangladesh
turmeric,63549,2360,149985000,2017-2018,CONDIMENTS & SPICES,2017.5,1,Bangladesh
turmeric,69645,2117,147439000,2018-2019,CONDIMENTS & SPICES,2018.5,1,Bangladesh
turmeric,82113,3485,286158000,2019-2020,CONDIMENTS & SPICES,2019.5,1,Bangladesh
turmeric,65233.84,3337.8,217737700,2020-2021,CONDIMENTS & SPICES,2020.5,1,Bangladesh
turmeric,65361.42,3552.86,232219800,2021-2022,CONDIMENTS & SPICES,2021.5,1,Bangladesh
turmeric,66054.78,3633.74,240026130,2022-2023,CONDIMENTS & SPICES,2022.5,1,Bangladesh
turmeric,65856.96,3706.88,244124090,2023-2024,CONDIMENTS & SPICES,2023.5,1,Bangladesh
turmeric,65674.94,3696.35,242757820,2024-2025,CONDIMENTS & SPICES,2024.5,1,Bangladesh
Cotton(Summer)(Comilla),18793,32.004,605764.6,2015-2016,FIBER,2015.5,1,Bangladesh
Cotton(Winter)(American),14987,352.044,5288483.2,2015-2016,FIBER,2015.5,1,Bangladesh
Sunhemp(Winter),0.106,794.766,83.566,2015-2016,FIBER,2015.5,1,Bangladesh
Cotton(Summer)(Comilla),18875,3556,683641,2016-2017,FIBER,2016.5,1,Bangladesh
Cotton(Winter)(American),13934,348.488,4864608,2016-2017,FIBER,2016.5,1,Bangladesh
Sunhemp(Winter),91000,810.768,47294.8,2016-2017,FIBER,2016.5,1,Bangladesh
Cotton(Summer)(Comilla),18800,3733.8,670483.8,2017-2018,FIBER,2017.5,1,Bangladesh
Cotton(Winter)(American),13570,353.822,4803978.2,2017-2018,FIBER,2017.5,1,Bangladesh
Sunhemp(Winter),83,769.874,64008,2017-2018,FIBER,2017.5,1,Bangladesh
Cotton(Summer)(Comilla),17489,16.002,267233.4,2018-2019,FIBER,2018.5,1,Bangladesh
Cotton(Winter)(American),13479,232.918,3137992.2,2018-2019,FIBER,2018.5,1,Bangladesh
Sunhemp(Winter),77,736.092,56718.2,2018-2019,FIBER,2018.5,1,Bangladesh
Cotton(Summer)(Comilla),17338,15351.252,266166.6,2019-2020,FIBER,2019.5,1,Bangladesh
Cotton(Winter)(American),13139,1303.274,17131741.2,2019-2020,FIBER,2019.5,1,Bangladesh
Sunhemp(Winter),83,169265.6,14046.2,2019-2020,FIBER,2019.5,1,Bangladesh
Cotton(Summer)(Cumilla),17631.3,16690.086,294282.114,2020-2021,FIBER,2020.5,1,Bangladesh
Cotton(Winter)(American),13028.09,958.342,12486588.18,2020-2021,FIBER,2020.5,1,Bangladesh
Sunhemp(Winter),58.3,208418.938,1215085.2,2020-2021,FIBER,2020.5,1,Bangladesh
Cotton(Summer)(Cumilla),17479.84,18055.59,315618.114,2021-2022,FIBER,2021.5,1,Bangladesh
Cotton(Winter)(American),12799.53,961.898,12303182.15,2021-2022,FIBER,2021.5,1,Bangladesh
Sunhemp(Winter),58.7,192489.836,11299.19,2021-2022,FIBER,2021.5,1,Bangladesh
Cotton(Summer)(Cumilla),17593.34,20098.512,353603.306,2022-2023,FIBER,2022.5,1,Bangladesh
Cotton(Winter)(American),11335.3,1009.904,11444253.46,2022-2023,FIBER,2022.5,1,Bangladesh
Sunhemp(Winter),56.2,172073.062,9670.542,2022-2023,FIBER,2022.5,1,Bangladesh
Cotton(Summer)(Cumilla),17630.96,20870.164,367955.322,2023-2024,FIBER,2023.5,1,Bangladesh
Cotton(Winter)(American),10813.83,1073.912,11606021.24,2023-2024,FIBER,2023.5,1,Bangladesh
Sunhemp(Winter),55.5,166138.098,9220.708,2023-2024,FIBER,2023.5,1,Bangladesh
Cotton(Summer)(Cumilla),16558.94,117.348,1949521.882,2024-2025,FIBER,2024.5,1,Bangladesh
Cotton(Winter)(American),10005.27,1081.024,10818749.51,2024-2025,FIBER,2024.5,1,Bangladesh
Sunhemp(Winter),48.86,141919.96,6934.2,2024-2025,FIBER,2024.5,1,Bangladesh
bellyflower,27,741,20000,2018-2019,Flower Group (Temporary ) ,2018.5,1,Bangladesh
bellyflower,27.35,656.67,18000,2019-2020,Flower Group (Temporary ) ,2019.5,1,Bangladesh
chrysanthemum(chandramollika),30.43,626,19040,2018-2019,Flower Group (Temporary ) ,2018.5,1,Bangladesh
chrysanthemum(chandramollika),29.59,527.17,15600,2019-2020,Flower Group (Temporary ) ,2019.5,1,Bangladesh
chrysanthemum(chandramollika),37.18,3667.48,136360,2021-2022,Flower Group (Temporary ) ,2021.5,1,Bangladesh
chrysanthemum(chandramollika),34.81,3980.47,138560,2024-2025,Flower Group (Temporary ) ,2024.5,1,Bangladesh
chrysanthemum(chandramollika),27,409,11050,2020-2021,Flower Group (Temporary ) ,2020.5,1,Bangladesh
chrysanthemum(chandramollika),35.31,3967.43,140090,2022-2023,Flower Group (Temporary ) ,2022.5,1,Bangladesh
chrysanthemum(chandramollika),35.26,4013.44,141510,2023-2024,Flower Group (Temporary ) ,2023.5,1,Bangladesh
dahlia,23.05,538.83,12420,2020-2021,Flower Group (Temporary ) ,2020.5,1,Bangladesh
dahlia,31.77,2397.54,76170,2021-2022,Flower Group (Temporary ) ,2021.5,1,Bangladesh
dahlia,35.92,2204.06,79170,2022-2023,Flower Group (Temporary ) ,2022.5,1,Bangladesh
dahlia,31.73,2417.27,76700,2023-2024,Flower Group (Temporary ) ,2023.5,1,Bangladesh
dahlia,32.37,2422,78400,2024-2025,Flower Group (Temporary ) ,2024.5,1,Bangladesh
ganda(marygold),972,1473,1432000,2015-2016,Flower Group (Temporary ) ,2015.5,1,Bangladesh
ganda(marygold),2020,1647,3327000,2016-2017,Flower Group (Temporary ) ,2016.5,1,Bangladesh
ganda(marygold),1187,1669,1981000,2017-2018,Flower Group (Temporary ) ,2017.5,1,Bangladesh
ganda(marygold),1335.08,2245.27,2998000,2019-2020,Flower Group (Temporary ) ,2019.5,1,Bangladesh
ganda(marygold),1025.62,1767.36,1812640,2020-2021,Flower Group (Temporary ) ,2020.5,1,Bangladesh
ganda(marygold),1022.76,1737.98,1777540,2021-2022,Flower Group (Temporary ) ,2021.5,1,Bangladesh
ganda(marygold),1124.92,2561.44,2881410,2022-2023,Flower Group (Temporary ) ,2022.5,1,Bangladesh
ganda(marygold),1144.87,3785.31,4333690,2023-2024,Flower Group (Temporary ) ,2023.5,1,Bangladesh
ganda(marygold),1051.56,3711.89,3903270,2024-2025,Flower Group (Temporary ) ,2024.5,1,Bangladesh
gardencosmos(kosmos),9.59,642,6159,2018-2019,Flower Group (Temporary ) ,2018.5,1,Bangladesh
gardencosmos(kosmos),15,1149,13000,2019-2020,Flower Group (Temporary ) ,2019.5,1,Bangladesh
gardencosmos(kosmos),10.45,666.99,6970,2020-2021,Flower Group (Temporary ) ,2020.5,1,Bangladesh
gardencosmos(kosmos),12.92,653.25,8440,2021-2022,Flower Group (Temporary ) ,2021.5,1,Bangladesh
gardencosmos(kosmos),14.97,566.47,8480,2022-2023,Flower Group (Temporary ) ,2022.5,1,Bangladesh
gardencosmos(kosmos),11.14,669.66,7460,2023-2024,Flower Group (Temporary ) ,2023.5,1,Bangladesh
gardencosmos(kosmos),11.69,674.08,7880,2024-2025,Flower Group (Temporary ) ,2024.5,1,Bangladesh
gladiolas,687,4431,3044000,2015-2016,Flower Group (Temporary ) ,2015.5,1,Bangladesh
gladiolas,883,4402,3887000,2016-2017,Flower Group (Temporary ) ,2016.5,1,Bangladesh
gladiolas,888,4430,3934000,2017-2018,Flower Group (Temporary ) ,2017.5,1,Bangladesh
gladiolas,896,4393,3936000,2018-2019,Flower Group (Temporary ) ,2018.5,1,Bangladesh
gladiolas,924,4389.39,4056000,2019-2020,Flower Group (Temporary ) ,2019.5,1,Bangladesh
gladiolas,943.62,4408.07,4159540,2020-2021,Flower Group (Temporary ) ,2020.5,1,Bangladesh
gladiolas,557.5,6804.57,3793550,2021-2022,Flower Group (Temporary ) ,2021.5,1,Bangladesh
gladiolas,473.49,6313.92,2989580,2022-2023,Flower Group (Temporary ) ,2022.5,1,Bangladesh
gladiolas,475.76,6438.67,3063260,2023-2024,Flower Group (Temporary ) ,2023.5,1,Bangladesh
gladiolas,498.62,6411.54,3196920,2024-2025,Flower Group (Temporary ) ,2024.5,1,Bangladesh
"otherflowers(dalia,chandramallika,cosmos,beli)",273,1659,453000,2015-2016,Flower Group (Temporary ) ,2015.5,1,Bangladesh
"otherflowers(dalia,chandramallika,cosmos,beli)",219,1614,353000,2016-2017,Flower Group (Temporary ) ,2016.5,1,Bangladesh
"otherflowers(dalia,chandramallika,cosmos,beli)",371,1774,658000,2017-2018,Flower Group (Temporary ) ,2017.5,1,Bangladesh
rajanigandha(tuberose),885,1988,1759000,2018-2019,Flower Group (Temporary ) ,2018.5,1,Bangladesh
rajanigandha(tuberose),1217.13,3367.29,4098430,2021-2022,Flower Group (Temporary ) ,2021.5,1,Bangladesh
rajanigandha(tuberose),757,3413,2584000,2015-2016,Flower Group (Temporary ) ,2015.5,1,Bangladesh
rajanigandha(tuberose),1189,3501,4163000,2016-2017,Flower Group (Temporary ) ,2016.5,1,Bangladesh
rajanigandha(tuberose),2030,2404,4880000,2017-2018,Flower Group (Temporary ) ,2017.5,1,Bangladesh
rajanigandha(tuberose),903.27,2385.38,2155000,2019-2020,Flower Group (Temporary ) ,2019.5,1,Bangladesh
rajanigandha(tuberose),1235.56,3342.27,4129570,2020-2021,Flower Group (Temporary ) ,2020.5,1,Bangladesh
rajanigandha(tuberose),663,5201.92,3448870,2022-2023,Flower Group (Temporary ) ,2022.5,1,Bangladesh
rajanigandha(tuberose),653.37,7237.74,4728920,2023-2024,Flower Group (Temporary ) ,2023.5,1,Bangladesh
rajanigandha(tuberose),676.86,7430.87,5029660,2024-2025,Flower Group (Temporary ) ,2024.5,1,Bangladesh
banana(ripe),117159,6811,798012000,2015-2016,FRUITS (Temporary),2015.5,1,Bangladesh
banana(ripe),120203,6715,807104000,2016-2017,FRUITS (Temporary),2016.5,1,Bangladesh
banana(ripe),121384,6676,810347000,2017-2018,FRUITS (Temporary),2017.5,1,Bangladesh
banana(ripe),120709,6903,833309000,2018-2019,FRUITS (Temporary),2018.5,1,Bangladesh
banana(ripe),121777,6716,817908000,2019-2020,FRUITS (Temporary),2019.5,1,Bangladesh
banana(ripe),122192.19,6761.08,826151760,2020-2021,FRUITS (Temporary),2020.5,1,Bangladesh
banana(ripe),122585.45,6739.62,826179620,2021-2022,FRUITS (Temporary),2021.5,1,Bangladesh
banana(ripe),122603.38,6854.32,840362670,2022-2023,FRUITS (Temporary),2022.5,1,Bangladesh
banana(ripe),122858.57,6621.92,813559800,2023-2024,FRUITS (Temporary),2023.5,1,Bangladesh
banana(ripe),122823.87,7023.81,862691860,2024-2025,FRUITS (Temporary),2024.5,1,Bangladesh
melon,10167,4846,49270000,2015-2016,FRUITS (Temporary),2015.5,1,Bangladesh
melon,9114,4494,40959000,2016-2017,FRUITS (Temporary),2016.5,1,Bangladesh
melon,9022,4512,40703000,2017-2018,FRUITS (Temporary),2017.5,1,Bangladesh
melon,9061,4555,41275000,2018-2019,FRUITS (Temporary),2018.5,1,Bangladesh
melon,8888,4593,40824000,2019-2020,FRUITS (Temporary),2019.5,1,Bangladesh
melon,10097.15,4696.39,47420170,2020-2021,FRUITS (Temporary),2020.5,1,Bangladesh
melon,10264,4829.77,49572780,2021-2022,FRUITS (Temporary),2021.5,1,Bangladesh
melon,10422.49,4875.3,50812730,2022-2023,FRUITS (Temporary),2022.5,1,Bangladesh
melon,10325.19,4895.25,50544400,2023-2024,FRUITS (Temporary),2023.5,1,Bangladesh
melon,10849.84,6373.62,69152720,2024-2025,FRUITS (Temporary),2024.5,1,Bangladesh
pineapple,33498,5991,200701000,2015-2016,FRUITS (Temporary),2015.5,1,Bangladesh
pineapple,35483,5970,211833000,2016-2017,FRUITS (Temporary),2016.5,1,Bangladesh
pineapple,35237,5914,208401000,2017-2018,FRUITS (Temporary),2017.5,1,Bangladesh
pineapple,36800,5909,217439000,2018-2019,FRUITS (Temporary),2018.5,1,Bangladesh
pineapple,37182,5864,2180000,2019-2020,FRUITS (Temporary),2019.5,1,Bangladesh
pineapple,34246.66,6077.73,208141880,2020-2021,FRUITS (Temporary),2020.5,1,Bangladesh
pineapple,33581.87,6139.16,206164510,2021-2022,FRUITS (Temporary),2021.5,1,Bangladesh
pineapple,32463.36,6060.24,196735740,2022-2023,FRUITS (Temporary),2022.5,1,Bangladesh
pineapple,32359.46,6453.36,208827250,2023-2024,FRUITS (Temporary),2023.5,1,Bangladesh
pineapple,32046.25,6499.18,208274420,2024-2025,FRUITS (Temporary),2024.5,1,Bangladesh
strawberry,69,4435,306000,2015-2016,FRUITS (Temporary),2015.5,1,Bangladesh
strawberry,35,5171,181000,2016-2017,FRUITS (Temporary),2016.5,1,Bangladesh
strawberry,16.5,3667,60500,2017-2018,FRUITS (Temporary),2017.5,1,Bangladesh
strawberry,15,3600,54000,2018-2019,FRUITS (Temporary),2018.5,1,Bangladesh
strawberry,36.3,2703,98120,2019-2020,FRUITS (Temporary),2019.5,1,Bangladesh
strawberry,41.85,3323.54,139090,2020-2021,FRUITS (Temporary),2020.5,1,Bangladesh
strawberry,65.83,2546.86,167660,2021-2022,FRUITS (Temporary),2021.5,1,Bangladesh
strawberry,84.74,2486.19,210680,2022-2023,FRUITS (Temporary),2022.5,1,Bangladesh
strawberry,112.39,3191.48,358690,2023-2024,FRUITS (Temporary),2023.5,1,Bangladesh
strawberry,130.86,3325.39,435160,2024-2025,FRUITS (Temporary),2024.5,1,Bangladesh
waterfruit,124,3919,486000,2015-2016,FRUITS (Temporary),2015.5,1,Bangladesh
waterfruit,445,1854,825000,2016-2017,FRUITS (Temporary),2016.5,1,Bangladesh
waterfruit,252,3548,394000,2017-2018,FRUITS (Temporary),2017.5,1,Bangladesh
waterfruit,360,3856,1388000,2018-2019,FRUITS (Temporary),2018.5,1,Bangladesh
waterfruit,326,4003,1305000,2019-2020,FRUITS (Temporary),2019.5,1,Bangladesh
waterfruit,405.8,4680.51,1899350,2020-2021,FRUITS (Temporary),2020.5,1,Bangladesh
waterfruit,453.2,4494.77,2037030,2021-2022,FRUITS (Temporary),2021.5,1,Bangladesh
waterfruit,453.74,4161.59,1888280,2023-2024,FRUITS (Temporary),2023.5,1,Bangladesh
waterfruit,466.57,4200.96,1960040,2024-2025,FRUITS (Temporary),2024.5,1,Bangladesh
waterfruit,475.34,4848.91,2304880,2022-2023,FRUITS (Temporary),2022.5,1,Bangladesh
watermelon,27296,9144,249605000,2015-2016,FRUITS (Temporary),2015.5,1,Bangladesh
watermelon,29338,8646,253661000,2016-2017,FRUITS (Temporary),2016.5,1,Bangladesh
watermelon,28980,7833,226991000,2017-2018,FRUITS (Temporary),2017.5,1,Bangladesh
watermelon,27289,6878,187685000,2018-2019,FRUITS (Temporary),2018.5,1,Bangladesh
watermelon,30262,8420,254814000,2019-2020,FRUITS (Temporary),2019.5,1,Bangladesh
watermelon,40860.73,8466.7,345955440,2020-2021,FRUITS (Temporary),2020.5,1,Bangladesh
watermelon,57865.05,9511.23,550367530,2021-2022,FRUITS (Temporary),2021.5,1,Bangladesh
watermelon,58757.44,9459.88,555838140,2022-2023,FRUITS (Temporary),2022.5,1,Bangladesh
watermelon,64718.04,8987.87,581677400,2023-2024,FRUITS (Temporary),2023.5,1,Bangladesh
watermelon,142817.51,13872.47,1981231330,2024-2025,FRUITS (Temporary),2024.5,1,Bangladesh
groundnut(summer),13215,679,8974000,2015-2016,OIL SEEDS (Edible),2015.5,1,Bangladesh
groundnut(summer),13186,713,9401000,2016-2017,OIL SEEDS (Edible),2016.5,1,Bangladesh
groundnut(summer),12697,706,8965000,2017-2018,OIL SEEDS (Edible),2017.5,1,Bangladesh
groundnut(summer),11077,697,7724000,2018-2019,OIL SEEDS (Edible),2018.5,1,Bangladesh
groundnut(summer),9308,734,6829000,2019-2020,OIL SEEDS (Edible),2019.5,1,Bangladesh
groundnut(summer),9339.31,773.16,7220770,2020-2021,OIL SEEDS (Edible),2020.5,1,Bangladesh
groundnut(summer),10242.51,772.07,7907910,2021-2022,OIL SEEDS (Edible),2021.5,1,Bangladesh
groundnut(summer),10125.6,775.95,7856950,2022-2023,OIL SEEDS (Edible),2022.5,1,Bangladesh
groundnut(summer),10445.21,784.71,8196500,2023-2024,OIL SEEDS (Edible),2023.5,1,Bangladesh
groundnut(summer),10334.1,799.02,8257200,2024-2025,OIL SEEDS (Edible),2024.5,1,Bangladesh
groundnut(winter),75030,710,53290000,2015-2016,OIL SEEDS (Edible),2015.5,1,Bangladesh
groundnut(winter),78002,726,56659000,2016-2017,OIL SEEDS (Edible),2016.5,1,Bangladesh
groundnut(winter),81311,712,57863000,2017-2018,OIL SEEDS (Edible),2017.5,1,Bangladesh
groundnut(winter),76054,725,55108000,2018-2019,OIL SEEDS (Edible),2018.5,1,Bangladesh
groundnut(winter),71520,756,54085000,2019-2020,OIL SEEDS (Edible),2019.5,1,Bangladesh
groundnut(winter),77003.85,773,59524640,2020-2021,OIL SEEDS (Edible),2020.5,1,Bangladesh
groundnut(winter),89261.49,748.82,66840760,2021-2022,OIL SEEDS (Edible),2021.5,1,Bangladesh
groundnut(winter),87749.91,765.52,67173900,2022-2023,OIL SEEDS (Edible),2022.5,1,Bangladesh
groundnut(winter),86124.21,779.89,67167110,2023-2024,OIL SEEDS (Edible),2023.5,1,Bangladesh
groundnut(winter),97581.48,760.76,7423602000,2024-2025,OIL SEEDS (Edible),2024.5,1,Bangladesh
rape&mustard(local&hyv),946632.07,578.29,547425320,2022-2023,OIL SEEDS (Edible),2022.5,1,Bangladesh
rape&mustard(local&hyv),1125764.96,572.12,644075220,2024-2025,OIL SEEDS (Edible),2024.5,1,Bangladesh
rape&mustard(local&hyv),814288.54,487.04,396594280,2020-2021,OIL SEEDS (Edible),2020.5,1,Bangladesh
rape&mustard(local&hyv),1144063.2,557.44,637745130,2023-2024,OIL SEEDS (Edible),2023.5,1,Bangladesh
rape&mustard(local&hyv),667242,467,311740000,2018-2019,OIL SEEDS (Edible),2018.5,1,Bangladesh
rape&mustard(local&hyv),763855,469,358249000,2019-2020,OIL SEEDS (Edible),2019.5,1,Bangladesh
rape&mustard(local&hyv),817235.05,501.27,409659060,2021-2022,OIL SEEDS (Edible),2021.5,1,Bangladesh
rape&mustard(local&hyv),787025,909,361909000,2015-2016,OIL SEEDS (Edible),2015.5,1,Bangladesh
rape&mustard(local&hyv),831260,874,362860000,2016-2016,OIL SEEDS (Edible),2016.5,1,Bangladesh
rape&mustard(local&hyv),759874,463,351537000,2017-2018,OIL SEEDS (Edible),2017.5,1,Bangladesh
sesame(summer),72329.47,389.72,28187960,2022-2023,OIL SEEDS (Edible),2022.5,1,Bangladesh
sesame(summer),6989045,393.13,27476070,2023-2024,OIL SEEDS (Edible),2023.5,1,Bangladesh
sesame(summer),68660.82,395.05,27124530,2024-2025,OIL SEEDS (Edible),2024.5,1,Bangladesh
sesame(winter),6144.67,411.21,2526720,2022-2023,OIL SEEDS (Edible),2022.5,1,Bangladesh
sesame(winter),6055.9,416.25,2520760,2023-2024,OIL SEEDS (Edible),2023.5,1,Bangladesh
sesame(winter),6037.11,424.44,2562400,2024-2025,OIL SEEDS (Edible),2024.5,1,Bangladesh
soyabean,124289,742,92181000,2015-2016,OIL SEEDS (Edible),2015.5,1,Bangladesh
soyabean,155351,624,96921000,2016-2017,OIL SEEDS (Edible),2016.5,1,Bangladesh
soyabean,146888,672,98699000,2017-2018,OIL SEEDS (Edible),2017.5,1,Bangladesh
soyabean,154396,718,110785000,2018-2019,OIL SEEDS (Edible),2018.5,1,Bangladesh
soyabean,151407,692,104761000,2019-2020,OIL SEEDS (Edible),2019.5,1,Bangladesh
soyabean,142447,640.07,91176590,2020-2021,OIL SEEDS (Edible),2020.5,1,Bangladesh
soyabean,144712.75,681.67,98646060,2021-2022,OIL SEEDS (Edible),2021.5,1,Bangladesh
soyabean,145582.25,737.09,107307590,2022-2023,OIL SEEDS (Edible),2022.5,1,Bangladesh
soyabean,141371.15,755.69,106833470,2023-2024,OIL SEEDS (Edible),2023.5,1,Bangladesh
soyabean,142780.47,759.78,108481420,2024-2025,OIL SEEDS (Edible),2024.5,1,Bangladesh
sunflower,3187,620,1975000,2018-2019,OIL SEEDS (Edible),2018.5,1,Bangladesh
sunflower,333047,434.98,1448700,2019-2020,OIL SEEDS (Edible),2019.5,1,Bangladesh
sunflower,3951.88,507.66,2006200,2020-2021,OIL SEEDS (Edible),2020.5,1,Bangladesh
sunflower,5243.83,520.42,2728990,2021-2022,OIL SEEDS (Edible),2021.5,1,Bangladesh
sunflower,6362.37,569.3,3622110,2022-2023,OIL SEEDS (Edible),2022.5,1,Bangladesh
sunflower,6908.31,563.84,3895160,2023-2024,OIL SEEDS (Edible),2023.5,1,Bangladesh
sunflower,11523.29,674.76,7775400,2024-2025,OIL SEEDS (Edible),2024.5,1,Bangladesh
til(summer),90974,370,33690000,2015-2016,OIL SEEDS (Edible),2015.5,1,Bangladesh
til(summer),84658,366,30983000,2016-2017,OIL SEEDS (Edible),2016.5,1,Bangladesh
til(summer),83953,372,31232000,2017-2018,OIL SEEDS (Edible),2017.5,1,Bangladesh
til(summer),75671,372,28151000,2018-2019,OIL SEEDS (Edible),2018.5,1,Bangladesh
til(summer),75260,380,28562000,2019-2020,OIL SEEDS (Edible),2019.5,1,Bangladesh
til(summer),77764.11,372.77,28988010,2020-2021,OIL SEEDS (Edible),2020.5,1,Bangladesh
til(summer),74980.45,378.62,28389200,2021-2022,OIL SEEDS (Edible),2021.5,1,Bangladesh
til(winter),8618,375,3231000,2015-2016,OIL SEEDS (Edible),2015.5,1,Bangladesh
til(winter),8013,376,3016000,2016-2017,OIL SEEDS (Edible),2016.5,1,Bangladesh
til(winter),8878,409,3627000,2017-2018,OIL SEEDS (Edible),2017.5,1,Bangladesh
til(winter),8855,391,3462000,2018-2019,OIL SEEDS (Edible),2018.5,1,Bangladesh
til(winter),7908,408,3224000,2019-2020,OIL SEEDS (Edible),2019.5,1,Bangladesh
til(winter),7983.24,431.66,3446070,2020-2021,OIL SEEDS (Edible),2020.5,1,Bangladesh
til(winter),6679.68,399.87,2671030,2021-2022,OIL SEEDS (Edible),2021.5,1,Bangladesh
linseed(tishi),16207,276,4475000,2015-2016,OIL SEEDS (Non-Edible),2015.5,1,Bangladesh
linseed(tishi),13257,314,4164000,2016-2017,OIL SEEDS (Non-Edible),2016.5,1,Bangladesh
linseed(tishi),13920,321,4464000,2017-2018,OIL SEEDS (Non-Edible),2017.5,1,Bangladesh
linseed(tishi),13057,279,3641000,2018-2019,OIL SEEDS (Non-Edible),2018.5,1,Bangladesh
linseed(tishi),10156.22,304.66,3094220,2019-2020,OIL SEEDS (Non-Edible),2019.5,1,Bangladesh
linseed(tishi),12869.78,290.23,3735150,2020-2021,OIL SEEDS (Non-Edible),2020.5,1,Bangladesh
linseed(tishi),12825.27,291.24,3735240,2021-2022,OIL SEEDS (Non-Edible),2021.5,1,Bangladesh
linseed(tishi),12029.15,297.8,3582260,2022-2023,OIL SEEDS (Non-Edible),2022.5,1,Bangladesh
linseed(tishi),11281.19,303.13,3419630,2023-2024,OIL SEEDS (Non-Edible),2023.5,1,Bangladesh
linseed(tishi),11116.7,306.1,3402850,2024-2025,OIL SEEDS (Non-Edible),2024.5,1,Bangladesh
otheroilseed,4009,556,2229000,2015-2016,OIL SEEDS (Non-Edible),2015.5,1,Bangladesh
otheroilseed,3425,559,1913000,2016-2017,OIL SEEDS (Non-Edible),2016.5,1,Bangladesh
otheroilseed,3731,678,2531000,2017-2018,OIL SEEDS (Non-Edible),2017.5,1,Bangladesh
fodder(summer),10006.09,13872.98,138814320,2022-2023,OTHER FOOD CROP,2022.5,1,Bangladesh
fodder(summer),11662.88,16624.7,193891900,2023-2024,OTHER FOOD CROP,2023.5,1,Bangladesh
fodder(summer),12820.55,16552.68,212214490,2024-2025,OTHER FOOD CROP,2024.5,1,Bangladesh
fodder(summer),4728,5694,26922000,2018-2019,OTHER FOOD CROP,2018.5,1,Bangladesh
fodder(summer),8065.47,8497.83,68538980,2021-2022,OTHER FOOD CROP,2021.5,1,Bangladesh
fodder(summer),5729.19,5838.79,33452000,2019-2020,OTHER FOOD CROP,2019.5,1,Bangladesh
fodder(summer),6743.85,6447.77,43483000,2020-2021,OTHER FOOD CROP,2020.5,1,Bangladesh
fodder(summer),4935,5920,29213000,2015-2016,OTHER FOOD CROP,2015.5,1,Bangladesh
fodder(summer),4438,5836,25899000,2016-2017,OTHER FOOD CROP,2016.5,1,Bangladesh
fodder(summer),4548,6226,28315000,2017-2018,OTHER FOOD CROP,2017.5,1,Bangladesh
fodder(winter),40044.41,7126.19,285364080,2022-2023,OTHER FOOD CROP,2022.5,1,Bangladesh
fodder(winter),42520.5,6872.46,292220550,2023-2024,OTHER FOOD CROP,2023.5,1,Bangladesh
fodder(winter),43821.44,12776.28,559874860,2024-2025,OTHER FOOD CROP,2024.5,1,Bangladesh
fodder(winter),44967,4682,210552000,2018-2019,OTHER FOOD CROP,2018.5,1,Bangladesh
fodder(winter),41075.37,6588.57,270627830,2021-2022,OTHER FOOD CROP,2021.5,1,Bangladesh
fodder(winter),38213.75,6079.03,232303000,2019-2020,OTHER FOOD CROP,2019.5,1,Bangladesh
fodder(winter),38860.09,2600.87,240966420,2020-2021,OTHER FOOD CROP,2020.5,1,Bangladesh
fodder(winter),36613,5332,195216000,2015-2016,OTHER FOOD CROP,2015.5,1,Bangladesh
fodder(winter),37193,5361,199380000,2016-2017,OTHER FOOD CROP,2016.5,1,Bangladesh
fodder(winter),38222,5593,213772000,2017-2018,OTHER FOOD CROP,2017.5,1,Bangladesh
sweetpotato,61470,4219,259372000,2015-2016,OTHER FOOD CROP,2015.5,1,Bangladesh
sweetpotato,63604,4130,262702000,2016-2017,OTHER FOOD CROP,2016.5,1,Bangladesh
sweetpotato,59244,4166,246816000,2017-2018,OTHER FOOD CROP,2017.5,1,Bangladesh
sweetpotato,598669,4148,235881000,2018-2019,OTHER FOOD CROP,2018.5,1,Bangladesh
sweetpotato,60647.38,4052,245719000,2019-2020,OTHER FOOD CROP,2019.5,1,Bangladesh
sweetpotato,65524.21,4270.19,279800960,2020-2021,OTHER FOOD CROP,2020.5,1,Bangladesh
sweetpotato,71510.81,4247.05,303710050,2021-2022,OTHER FOOD CROP,2021.5,1,Bangladesh
sweetpotato,68708.01,4331.15,297584610,2022-2023,OTHER FOOD CROP,2022.5,1,Bangladesh
sweetpotato,69071.03,4373.37,302073460,2023-2024,OTHER FOOD CROP,2023.5,1,Bangladesh
sweetpotato,67690.73,4480.27,303272580,2024-2025,OTHER FOOD CROP,2024.5,1,Bangladesh
felonlentil,16698,659,10999000,2018-2019,PULSES,2018.5,1,Bangladesh
felonlentil,26820,549,14721000,2019-2020,PULSES,2019.5,1,Bangladesh
felonlentil,30231.53,531.99,6083020,2020-2021,PULSES,2020.5,1,Bangladesh
felonlentil,30714.45,503.81,15474350,2021-2022,PULSES,2021.5,1,Bangladesh
felonlentil,30031.45,459.42,13797070,2022-2023,PULSES,2022.5,1,Bangladesh
felonlentil,30931.97,538.47,16655940,2023-2024,PULSES,2023.5,1,Bangladesh
felonlentil,31098.11,538.88,16758100,2024-2025,PULSES,2024.5,1,Bangladesh
garikalai,2472,343,848000,2018-2019,PULSES,2018.5,1,Bangladesh
garikalai,1800.97,326,587820,2019-2020,PULSES,2019.5,1,Bangladesh
garikalai,1421.1,304.83,433200,2020-2021,PULSES,2020.5,1,Bangladesh
garikalai,1232.98,303.22,373870,2021-2022,PULSES,2021.5,1,Bangladesh
garikalai,1217.86,303.89,310100,2022-2023,PULSES,2022.5,1,Bangladesh
garikalai,1189.87,299.06,355840,2023-2024,PULSES,2023.5,1,Bangladesh
garikalai,1176.7,306.11,360200,2024-2025,PULSES,2024.5,1,Bangladesh
gram,15026,425,6382000,2015-2016,PULSES,2015.5,1,Bangladesh
gram,14615,427,6237000,2016-2017,PULSES,2016.5,1,Bangladesh
gram,12421,400,4964000,2017-2018,PULSES,2017.5,1,Bangladesh
gram,11447.75,431.71,4942090,2019-2020,PULSES,2019.5,1,Bangladesh
gram,11318.37,442.53,5008770,2020-2021,PULSES,2020.5,1,Bangladesh
gram,9972.05,467.76,4664500,2022-2023,PULSES,2022.5,1,Bangladesh
gram,9751.15,517.68,5047980,2023-2024,PULSES,2023.5,1,Bangladesh
gram,8709.02,511.58,4455340,2024-2025,PULSES,2024.5,1,Bangladesh
gram,11891,450,5347000,2018-2019,PULSES,2018.5,1,Bangladesh
gram,10712.66,452.42,4846620,2021-2022,PULSES,2021.5,1,Bangladesh
grasspea(khesari),271794,474.68,129015320,2022-2023,PULSES,2022.5,1,Bangladesh
grasspea(khesari),267553.96,487.49,130430220,2024-2025,PULSES,2024.5,1,Bangladesh
grasspea(khesari),269630.48,482.33,13004983000,2023-2024,PULSES,2023.5,1,Bangladesh
grasspea(khesari),280415,437,122408000,2015-2016,PULSES,2015.5,1,Bangladesh
grasspea(khesari),276829,431,119344000,2016-2017,PULSES,2016.5,1,Bangladesh
grasspea(khesari),257506,446,114775000,2017-2018,PULSES,2017.5,1,Bangladesh
grasspea(khesari),257536,453,116718000,2018-2019,PULSES,2018.5,1,Bangladesh
grasspea(khesari),272498,439,119548000,2019-2020,PULSES,2019.5,1,Bangladesh
grasspea(khesari),286335.29,456.21,130629340,2020-2021,PULSES,2020.5,1,Bangladesh
grasspea(khesari),290902.15,453.45,131908450,2021-2022,PULSES,2021.5,1,Bangladesh
lentil(masur),334429.6,588.55,196829240,2022-2023,PULSES,2022.5,1,Bangladesh
lentil(masur),308608.85,598.88,18481882000,2023-2024,PULSES,2023.5,1,Bangladesh
lentil(masur),298857.42,562.56,168124390,2024-2025,PULSES,2024.5,1,Bangladesh
lentil(masur),381653,415,158224000,2015-2016,PULSES,2015.5,1,Bangladesh
lentil(masur),382224,442,0,2016-2017,PULSES,2016.5,1,Bangladesh
lentil(masur),385399,458,176633000,2017-2018,PULSES,2017.5,1,Bangladesh
lentil(masur),344610,466,160716000,2018-2019,PULSES,2018.5,1,Bangladesh
lentil(masur),349109,508,177354000,2019-2020,PULSES,2019.5,1,Bangladesh
lentil(masur),360699,514,185500000,2020-2021,PULSES,2020.5,1,Bangladesh
lentil(masur),356946.1,534.38,190743610,2021-2022,PULSES,2021.5,1,Bangladesh
motor,17931,411,7372000,2015-2016,PULSES,2015.5,1,Bangladesh
motor,17497,411,7191000,2016-2017,PULSES,2016.5,1,Bangladesh
motor,17746,459,8139000,2017-2018,PULSES,2017.5,1,Bangladesh
motor,15963,446,7126000,2018-2019,PULSES,2018.5,1,Bangladesh
motor,20591,426,8777000,2019-2020,PULSES,2019.5,1,Bangladesh
motor,18501,435.22,8051970,2020-2021,PULSES,2020.5,1,Bangladesh
motor,18276.65,444.94,8131990,2021-2022,PULSES,2021.5,1,Bangladesh
mungbean,105166,351,36954000,2015-2016,PULSES,2015.5,1,Bangladesh
mungbean,102311,340,34783000,2016-2017,PULSES,2016.5,1,Bangladesh
mungbean,92655,368,34102000,2017-2018,PULSES,2017.5,1,Bangladesh
mungbean,102109,332,33951000,2018-2019,PULSES,2018.5,1,Bangladesh
mungbean,108742,341,37054000,2019-2020,PULSES,2019.5,1,Bangladesh
mungbean,109304.77,376.83,41189260,2020-2021,PULSES,2020.5,1,Bangladesh
mungbean,113909.14,364.75,4548480,2021-2022,PULSES,2021.5,1,Bangladesh
mungbean,112709.6,404.28,45565800,2022-2023,PULSES,2022.5,1,Bangladesh
mungbean,121276.83,368.091,44640930,2023-2024,PULSES,2023.5,1,Bangladesh
mungbean,311031.5,444.18,138152970,2024-2025,PULSES,2024.5,1,Bangladesh
otherpulses(summer),5267,374,1972000,2015-2016,PULSES,2015.5,1,Bangladesh
otherpulses(summer),3613,369,1334000,2016-2017,PULSES,2016.5,1,Bangladesh
otherpulses(summer),2724,380,1034000,2017-2018,PULSES,2017.5,1,Bangladesh
otherpulses(winter),17066,540,92181000,2015-2016,PULSES,2015.5,1,Bangladesh
otherpulses(winter),19734,501,9890000,2016-2017,PULSES,2016.5,1,Bangladesh
otherpulses(winter),18173,455,8264000,2017-2018,PULSES,2017.5,1,Bangladesh
peasgreen(mator),16716.72,477.05,7974720,2024-2025,PULSES,2024.5,1,Bangladesh
peasgreen(mator),17237.51,447.13,7107470,2022-2023,PULSES,2022.5,1,Bangladesh
peasgreen(mator),17026.73,46951,7994240,2023-2024,PULSES,2023.5,1,Bangladesh
pigeonpea(arhar),1331,425,566000,2015-2016,PULSES,2015.5,1,Bangladesh
pigeonpea(arhar),1275,433,552000,2016-2017,PULSES,2016.5,1,Bangladesh
pigeonpea(arhar),1147,405,465000,2017-2018,PULSES,2017.5,1,Bangladesh
pigeonpea(arhar),1104.1,415.42,458660,2019-2020,PULSES,2019.5,1,Bangladesh
pigeonpea(arhar),1106,428.98,474340,2020-2021,PULSES,2020.5,1,Bangladesh
pigeonpea(arhar),1149,407,468000,2018-2019,PULSES,2018.5,1,Bangladesh
pigeonpea(arhar),1071.46,424.11,454420,2021-2022,PULSES,2021.5,1,Bangladesh
pigeonpea(arhar),1011.98,417.5,422500,2022-2023,PULSES,2022.5,1,Bangladesh
pigeonpea(arhar),863.37,418.74,361530,2024-2025,PULSES,2024.5,1,Bangladesh
pigeonpea(arhar),906.92,423.65,384220,2023-2024,PULSES,2023.5,1,Bangladesh
vignamungo(mashkalai),98006,359,35151000,2015-2016,PULSES,2015.5,1,Bangladesh
vignamungo(mashkalai),102838,381,39194000,2016-2017,PULSES,2016.5,1,Bangladesh
vignamungo(mashkalai),109290,379,41430000,2017-2018,PULSES,2017.5,1,Bangladesh
vignamungo(mashkalai),113812,371,42273000,2018-2019,PULSES,2018.5,1,Bangladesh
vignamungo(mashkalai),90105.5,379.74,34217000,2019-2020,PULSES,2019.5,1,Bangladesh
vignamungo(mashkalai),100333.96,372.2,37344180,2020-2021,PULSES,2020.5,1,Bangladesh
vignamungo(mashkalai),102219.95,381.58,39005330,2021-2022,PULSES,2021.5,1,Bangladesh
vignamungo(mashkalai),101790.36,401.88,40907400,2022-2023,PULSES,2022.5,1,Bangladesh
vignamungo(mashkalai),98204.35,399.65,39283820,2023-2024,PULSES,2023.5,1,Bangladesh
vignamungo(mashkalai),98422.54,406.54,40013060,2024-2025,PULSES,2024.5,1,Bangladesh
sugarcane,242943,17319,4207592000,2015-2016,SUGAR CROP,2015.5,1,Bangladesh
sugarcane,227389,16988,38622775000,2016-2017,SUGAR CROP,2016.5,1,Bangladesh
sugarcane,2227854,16333,3638731000,2017-2018,SUGAR CROP,2017.5,1,Bangladesh
sugarcane,207079,15468,3203054000,2018-2019,SUGAR CROP,2018.5,1,Bangladesh
sugarcane,213113,17282,3682951000,2019-2020,SUGAR CROP,2019.5,1,Bangladesh
sugarcane,192310.42,17328.99,3332546270,2020-2021,SUGAR CROP,2020.5,1,Bangladesh
sugarcane,178561.43,17290.57,3087428470,2021-2022,SUGAR CROP,2021.5,1,Bangladesh
sugarcane,172289.89,17311.21,2982546830,2022-2023,SUGAR CROP,2022.5,1,Bangladesh
sugarcane,167345.34,17530.78,2933694690,2023-2024,SUGAR CROP,2023.5,1,Bangladesh
sugarcane,164761.1,17737.61,2922468830,2024-2025,SUGAR CROP,2024.5,1,Bangladesh
betelleaves,59415,763,87628000,2015-2016,TOBACCO,2015.5,1,Bangladesh
betelleaves,113297,808,91573000,2016-2017,TOBACCO,2016.5,1,Bangladesh
betelleaves,54890,3901,214474000,2017-2018,TOBACCO,2017.5,1,Bangladesh
betelleaves,54251,3882,210629000,2018-2019,TOBACCO,2018.5,1,Bangladesh
betelleaves,54981.35,3906.44,214782000,2019-2020,TOBACCO,2019.5,1,Bangladesh
betelleaves,55526.64,3865.76,214652910,2020-2021,TOBACCO,2020.5,1,Bangladesh
betelleaves,53969.34,3835.39,206993700,2021-2022,TOBACCO,2021.5,1,Bangladesh
betelleaves,54485.7,3883.04,211570270,2022-2023,TOBACCO,2022.5,1,Bangladesh
betelleaves,53570.5,3806.03,203890970,2023-2024,TOBACCO,2023.5,1,Bangladesh
betelleaves,54841.61,4298.48,235735750,2024-2025,TOBACCO,2024.5,1,Bangladesh
jati,14881,767,11417000,2015-2016,TOBACCO,2015.5,1,Bangladesh
jati,14713,771,11338000,2016-2017,TOBACCO,2016.5,1,Bangladesh
jati,12682,818,10373000,2017-2018,TOBACCO,2017.5,1,Bangladesh
jati,19014,705,13406000,2018-2019,TOBACCO,2018.5,1,Bangladesh
jati,19861,695.88,13821000,2019-2020,TOBACCO,2019.5,1,Bangladesh
jati,19834.43,694.36,13772290,2020-2021,TOBACCO,2020.5,1,Bangladesh
jati,19880.75,707.38,14063200,2021-2022,TOBACCO,2021.5,1,Bangladesh
jati,18240.41,644.04,11747540,2022-2023,TOBACCO,2022.5,1,Bangladesh
jati,17409.1,637.68,11101450,2023-2024,TOBACCO,2023.5,1,Bangladesh
jati,14780.9,648.31,9582570,2024-2025,TOBACCO,2024.5,1,Bangladesh
matihari,19960,610,12177000,2015-2016,TOBACCO,2015.5,1,Bangladesh
matihari,20022,560,11213000,2016-2017,TOBACCO,2016.5,1,Bangladesh
matihari,16326,616,10059000,2017-2018,TOBACCO,2017.5,1,Bangladesh
matihari,9187,724,6647000,2018-2019,TOBACCO,2018.5,1,Bangladesh
matihari,9806,711.2,6974000,2019-2020,TOBACCO,2019.5,1,Bangladesh
matihari,9909,707.89,7014680,2020-2021,TOBACCO,2020.5,1,Bangladesh
matihari,10397.88,727.1,7560270,2021-2022,TOBACCO,2021.5,1,Bangladesh
matihari,6364.91,721.57,4592720,2022-2023,TOBACCO,2022.5,1,Bangladesh
matihari,9882.43,731.14,7225470,2023-2024,TOBACCO,2023.5,1,Bangladesh
matihari,16970.17,733.33,12444670,2024-2025,TOBACCO,2024.5,1,Bangladesh
tea,148346,435,64500000,2015-2016,TOBACCO,2015.5,1,Bangladesh
tea,133083,615,81850000,2016-2017,TOBACCO,2016.5,1,Bangladesh
tea,165669,472,78115000,2017-2018,TOBACCO,2017.5,1,Bangladesh
tea,133443,680,90685000,2018-2019,TOBACCO,2018.5,1,Bangladesh
tea,146689.6,613.07,89931000,2019-2020,TOBACCO,2019.5,1,Bangladesh
tea,135748.2,665,90329890,2020-2021,TOBACCO,2020.5,1,Bangladesh
tea,139973.11,701.18,98146430,2021-2022,TOBACCO,2021.5,1,Bangladesh
tea,141355,659.39,93208000,2022-2023,TOBACCO,2022.5,1,Bangladesh
tea,145182,693.34,100660000,2023-2024,TOBACCO,2023.5,1,Bangladesh
tea,147887,616.88,91228000,2024-2025,TOBACCO,2024.5,1,Bangladesh
virginia,79537,801,63718000,2015-2016,TOBACCO,2015.5,1,Bangladesh
virginia,78192,879,68739000,2016-2017,TOBACCO,2016.5,1,Bangladesh
virginia,75906,903,68577000,2017-2018,TOBACCO,2017.5,1,Bangladesh
virginia,65797,948,62346000,2018-2019,TOBACCO,2018.5,1,Bangladesh
virginia,70339,924.92,65058000,2019-2020,TOBACCO,2019.5,1,Bangladesh
virginia,69856.81,976.5,8215240,2020-2021,TOBACCO,2020.5,1,Bangladesh
virginia,70106.22,1008.52,70703400,2021-2022,TOBACCO,2021.5,1,Bangladesh
virginia,68501.75,1025.42,70242910,2022-2023,TOBACCO,2022.5,1,Bangladesh
virginia,73809.02,1076.93,79487210,2023-2024,TOBACCO,2023.5,1,Bangladesh
virginia,75236.48,1085.78,81690010,2024-2025,TOBACCO,2024.5,1,Bangladesh
arum,56170,4058,227918000,2015-2016,VEGETABLES (Summer),2015.5,1,Bangladesh
arum,58486,5164,243539000,2016-2017,VEGETABLES (Summer),2016.5,1,Bangladesh
arum,55228,4169,230232000,2017-2018,VEGETABLES (Summer),2017.5,1,Bangladesh
arum(maankachu),4772,3530,16845000,2018-2019,VEGETABLES (Summer),2018.5,1,Bangladesh
arum(maankachu),5665,3104,17584000,2019-2020,VEGETABLES (Summer),2019.5,1,Bangladesh
arum(maankachu),4792.02,3411.66,16348750,2020-2021,VEGETABLES (Summer),2020.5,1,Bangladesh
barbati,16908,1527,25815000,2015-2016,VEGETABLES (Summer),2015.5,1,Bangladesh
barbati,16085,1567,25206000,2016-2017,VEGETABLES (Summer),2016.5,1,Bangladesh
barbati,16284,1575,25651000,2017-2018,VEGETABLES (Summer),2017.5,1,Bangladesh
barbati,17519,1650,28915000,2018-2019,VEGETABLES (Summer),2018.5,1,Bangladesh
barbati,17261,1646,28410000,2019-2020,VEGETABLES (Summer),2019.5,1,Bangladesh
barbati,17680.08,1882.44,33281750,2020-2021,VEGETABLES (Summer),2020.5,1,Bangladesh
bittergourd(karala),29044.51,2860.89,83093270,2022-2023,VEGETABLES (Summer),2022.5,1,Bangladesh
bittergourd(karala),29133.14,2929.19,85336570,2023-2024,VEGETABLES (Summer),2023.5,1,Bangladesh
bittergourd(karala),24750,2204,54539000,2015-2016,VEGETABLES (Summer),2015.5,1,Bangladesh
bittergourd(karala),26250,2186,57386000,2016-2017,VEGETABLES (Summer),2016.5,1,Bangladesh
bittergourd(karala),26490,2186,57908000,2017-2018,VEGETABLES (Summer),2017.5,1,Bangladesh
bittergourd(karala),26491,2055,54443000,2018-2019,VEGETABLES (Summer),2018.5,1,Bangladesh
bittergourd(karala),27484,2160,59371000,2019-2020,VEGETABLES (Summer),2019.5,1,Bangladesh
bittergourd(karala),26810.75,2212.3,59313350,2020-2021,VEGETABLES (Summer),2020.5,1,Bangladesh
bittergourd(karala),28761.15,2274.66,65421790,2021-2022,VEGETABLES (Summer),2021.5,1,Bangladesh
brinjal(summer),46068,3574,164667000,2015-2016,VEGETABLES (Summer),2015.5,1,Bangladesh
brinjal(summer),45665,3501,159891000,2016-2017,VEGETABLES (Summer),2016.5,1,Bangladesh
brinjal(summer),45760,3500,160145000,2017-2018,VEGETABLES (Summer),2017.5,1,Bangladesh
brinjal(summer),47213,3605,170189000,2018-2019,VEGETABLES (Summer),2018.5,1,Bangladesh
brinjal(summer),49105,3766,184917000,2019-2020,VEGETABLES (Summer),2019.5,1,Bangladesh
brinjal(summer),49274,4107,202371000,2020-2021,VEGETABLES (Summer),2020.5,1,Bangladesh
brinjal(summer),49406.92,4241.13,209541170,2021-2022,VEGETABLES (Summer),2021.5,1,Bangladesh
brinjal(summer),49185.93,4786.36,235421400,2022-2023,VEGETABLES (Summer),2022.5,1,Bangladesh
brinjal(summer),49594.66,4855.72,240817830,2023-2024,VEGETABLES (Summer),2023.5,1,Bangladesh
cucumber,23056,2734,63029000,2015-2016,VEGETABLES (Summer),2015.5,1,Bangladesh
cucumber,23355,3030,70759000,2016-2017,VEGETABLES (Summer),2016.5,1,Bangladesh
cucumber,23695,2764,65499000,2017-2018,VEGETABLES (Summer),2017.5,1,Bangladesh
cucumber,24608,2975,73220000,2018-2019,VEGETABLES (Summer),2018.5,1,Bangladesh
cucumber,24413,3398,82963000,2019-2020,VEGETABLES (Summer),2019.5,1,Bangladesh
cucumber,25288.81,3752.67,94900600,2020-2021,VEGETABLES (Summer),2020.5,1,Bangladesh
cucumber,25045.67,3898.69,99984440,2021-2022,VEGETABLES (Summer),2021.5,1,Bangladesh
cucumber,25984.47,4184.79,108739650,2022-2023,VEGETABLES (Summer),2022.5,1,Bangladesh
cucumber,26126.71,4235.14,110650340,2023-2024,VEGETABLES (Summer),2023.5,1,Bangladesh
danta,27397.49,3156.47,86479270,2020-2021,VEGETABLES (Summer),2020.5,1,Bangladesh
danta,27242,2759,75165000,2015-2016,VEGETABLES (Summer),2015.5,1,Bangladesh
danta,26674,2710,72277000,2016-2017,VEGETABLES (Summer),2016.5,1,Bangladesh
danta,26881,2786,74899000,2017-2018,VEGETABLES (Summer),2017.5,1,Bangladesh
danta,26608,2824,75146000,2018-2019,VEGETABLES (Summer),2018.5,1,Bangladesh
danta,26835.86,2856,76654810,2019-2020,VEGETABLES (Summer),2019.5,1,Bangladesh
danta,27988.18,3167.75,88659660,2021-2022,VEGETABLES (Summer),2021.5,1,Bangladesh
danta,27949.15,3259.1,91089080,2022-2023,VEGETABLES (Summer),2022.5,1,Bangladesh
danta,27916.46,3290.48,91858640,2023-2024,VEGETABLES (Summer),2023.5,1,Bangladesh
datasak,51578,2793,144050000,2018-2019,VEGETABLES (Summer),2018.5,1,Bangladesh
datasak,14217,2065,29360000,2019-2020,VEGETABLES (Summer),2019.5,1,Bangladesh
datasak,14040.35,2163.45,30375610,2020-2021,VEGETABLES (Summer),2020.5,1,Bangladesh
greenbanana,26474,5584,147839000,2015-2016,VEGETABLES (Summer),2015.5,1,Bangladesh
greenbanana,27584,5448,150264000,2016-2017,VEGETABLES (Summer),2016.5,1,Bangladesh
greenbanana,28049,5599,157037000,2017-2018,VEGETABLES (Summer),2017.5,1,Bangladesh
greenbanana,27857,5776,160891000,2018-2019,VEGETABLES (Summer),2018.5,1,Bangladesh
greenbanana,29216,5712,166890000,2019-2020,VEGETABLES (Summer),2019.5,1,Bangladesh
greenbanana,28921.77,6185.3,178889880,2020-2021,VEGETABLES (Summer),2020.5,1,Bangladesh
kachurlati,17839,2600,46374000,2015-2016,VEGETABLES (Summer),2015.5,1,Bangladesh
kachurlati,17642,2624,46291000,2016-2017,VEGETABLES (Summer),2016.5,1,Bangladesh
kachurlati,17043,2466,42034000,2017-2018,VEGETABLES (Summer),2017.5,1,Bangladesh
kachurlati,16738,2481,41521000,2018-2019,VEGETABLES (Summer),2018.5,1,Bangladesh
kachurlati,17807,2641,47030000,2019-2020,VEGETABLES (Summer),2019.5,1,Bangladesh
kachurlati,20137.76,2684.86,54067070,2020-2021,VEGETABLES (Summer),2020.5,1,Bangladesh
kachushak,4187,1487,6228000,2018-2019,VEGETABLES (Summer),2018.5,1,Bangladesh
kachushak,4184,1524,6378000,2019-2020,VEGETABLES (Summer),2019.5,1,Bangladesh
kachushak,4060.98,1354.42,5500260,2020-2021,VEGETABLES (Summer),2020.5,1,Bangladesh
kalmishak,5665,1814,10274000,2018-2019,VEGETABLES (Summer),2018.5,1,Bangladesh
kalmishak,5198,1899,9871000,2019-2020,VEGETABLES (Summer),2019.5,1,Bangladesh
kalmishak,5461,1995,10895000,2020-2021,VEGETABLES (Summer),2020.5,1,Bangladesh
khirai,12930,3592,46446000,2015-2016,VEGETABLES (Summer),2015.5,1,Bangladesh
khirai,14038,3597,50495000,2016-2017,VEGETABLES (Summer),2016.5,1,Bangladesh
khirai,14080,3372,47475000,2017-2018,VEGETABLES (Summer),2017.5,1,Bangladesh
khirai,13381,3431,45916000,2018-2019,VEGETABLES (Summer),2018.5,1,Bangladesh
khirai,14154,3342,47296000,2019-2020,VEGETABLES (Summer),2019.5,1,Bangladesh
khirai,17232.68,3588.79,61844540,2020-2021,VEGETABLES (Summer),2020.5,1,Bangladesh
khirai,17612.91,4080.69,71872800,2022-2023,VEGETABLES (Summer),2022.5,1,Bangladesh
khirai,17794.73,4419.09,78636520,2023-2024,VEGETABLES (Summer),2023.5,1,Bangladesh
lady'sfinger,28005,1927,53979000,2015-2016,VEGETABLES (Summer),2015.5,1,Bangladesh
lady'sfinger,28106,1953,54901000,2016-2017,VEGETABLES (Summer),2016.5,1,Bangladesh
lady'sfinger,28303,1984,56145000,2017-2018,VEGETABLES (Summer),2017.5,1,Bangladesh
lady'sfinger,28647,1891,54183000,2018-2019,VEGETABLES (Summer),2018.5,1,Bangladesh
lady'sfinger,28515,1961,55905000,2019-2020,VEGETABLES (Summer),2019.5,1,Bangladesh
lady'sfinger,30118.73,2332.18,70242270,2020-2021,VEGETABLES (Summer),2020.5,1,Bangladesh
lady'sfinger,30320.76,2811.04,85232920,2021-2022,VEGETABLES (Summer),2021.5,1,Bangladesh
lady'sfinger,31021.88,3095.18,96018370,2022-2023,VEGETABLES (Summer),2022.5,1,Bangladesh
lady'sfinger,31268.87,3168.64,99079930,2023-2024,VEGETABLES (Summer),2023.5,1,Bangladesh
malabarspinach(puisak),25247,3116,78665000,2015-2016,VEGETABLES (Summer),2015.5,1,Bangladesh
malabarspinach(puisak),25597,3090,79093000,2016-2017,VEGETABLES (Summer),2016.5,1,Bangladesh
malabarspinach(puisak),25611,3198,81903000,2017-2018,VEGETABLES (Summer),2017.5,1,Bangladesh
malabarspinach(puisak),26062,3192,83189000,2018-2019,VEGETABLES (Summer),2018.5,1,Bangladesh
malabarspinach(puisak),27242,3240,88272000,2019-2020,VEGETABLES (Summer),2019.5,1,Bangladesh
malabarspinach(puisak),27291.54,3591.43,98015710,2020-2021,VEGETABLES (Summer),2020.5,1,Bangladesh
malabarspinach(puisak),8096.24,3647.49,10248074000,2021-2022,VEGETABLES (Summer),2021.5,1,Bangladesh
malabarspinach(puisak),28364.5,3805.99,107955060,2022-2023,VEGETABLES (Summer),2022.5,1,Bangladesh
malabarspinach(puisak),28620.6,4089.63,117047580,2023-2024,VEGETABLES (Summer),2023.5,1,Bangladesh
mukhikachu,25296,4322,109322000,2018-2019,VEGETABLES (Summer),2018.5,1,Bangladesh
mukhikachu,22779,4317,98334000,2019-2020,VEGETABLES (Summer),2019.5,1,Bangladesh
mukhikachu,23590,4655,109803000,2020-2021,VEGETABLES (Summer),2020.5,1,Bangladesh
murakachu,10229,3576,36578000,2018-2019,VEGETABLES (Summer),2018.5,1,Bangladesh
murakachu,9951,3465,34481000,2019-2020,VEGETABLES (Summer),2019.5,1,Bangladesh
murakachu,9733.09,3438.21,33464390,2020-2021,VEGETABLES (Summer),2020.5,1,Bangladesh
"othersummervegetable(kuchushak,kolmishak,data,pattshak)",25302,1858,470071000,2015-2016,VEGETABLES (Summer),2015.5,1,Bangladesh
"othersummervegetable(kuchushak,kolmishak,data,pattshak)",27263,1902,51864000,2016-2017,VEGETABLES (Summer),2016.5,1,Bangladesh
"othersummervegetable(kuchushak,kolmishak,data,pattshak)",25327,1883,47690000,2017-2018,VEGETABLES (Summer),2017.5,1,Bangladesh
owlkachu,2214,5495,12165000,2018-2019,VEGETABLES (Summer),2018.5,1,Bangladesh
owlkachu,2199,7368,16203000,2019-2020,VEGETABLES (Summer),2019.5,1,Bangladesh
owlkachu,2219.64,7675.83,17037580,2020-2021,VEGETABLES (Summer),2020.5,1,Bangladesh
panikachu,13018,4390,57149000,2018-2019,VEGETABLES (Summer),2018.5,1,Bangladesh
panikachu,13851.6,4458.04,61751000,2019-2020,VEGETABLES (Summer),2019.5,1,Bangladesh
panikachu,14087.87,4415.88,62210300,2020-2021,VEGETABLES (Summer),2020.5,1,Bangladesh
patshak,6738,1807,12175000,2018-2019,VEGETABLES (Summer),2018.5,1,Bangladesh
patshak,6687,1903,12724000,2019-2020,VEGETABLES (Summer),2019.5,1,Bangladesh
patshak,6715.6,1891.54,12702840,2020-2021,VEGETABLES (Summer),2020.5,1,Bangladesh
pointedgourd(patol),25072,3422,85795000,2015-2016,VEGETABLES (Summer),2015.5,1,Bangladesh
pointedgourd(patol),24438,3518,85966000,2016-2017,VEGETABLES (Summer),2016.5,1,Bangladesh
pointedgourd(patol),24049,3542,85188000,2017-2018,VEGETABLES (Summer),2017.5,1,Bangladesh
pointedgourd(patol),24364,3504,85374000,2018-2019,VEGETABLES (Summer),2018.5,1,Bangladesh
pointedgourd(patol),26095,3471,90576000,2019-2020,VEGETABLES (Summer),2019.5,1,Bangladesh
pointedgourd(patol),26054.84,3778.61,98451020,2020-2021,VEGETABLES (Summer),2020.5,1,Bangladesh
pointedgourd(patol),25779.95,4282.3,110397590,2021-2022,VEGETABLES (Summer),2021.5,1,Bangladesh
pointedgourd(patol),25768.93,4875.92,125647250,2022-2023,VEGETABLES (Summer),2022.5,1,Bangladesh
pointedgourd(patol),26029.24,5044.94,131316000,2023-2024,VEGETABLES (Summer),2023.5,1,Bangladesh
pumpkin(summer),28070,3731,104723000,2015-2016,VEGETABLES (Summer),2015.5,1,Bangladesh
pumpkin(summer),27833,3733,103900000,2016-2017,VEGETABLES (Summer),2016.5,1,Bangladesh
pumpkin(summer),27500,4072,111986000,2017-2018,VEGETABLES (Summer),2017.5,1,Bangladesh
pumpkin(summer),33905,4019,136269000,2019-2020,VEGETABLES (Summer),2019.5,1,Bangladesh
pumpkin(summer),2994088,4692.04,140483900,2020-2021,VEGETABLES (Summer),2020.5,1,Bangladesh
pumpkin(summer),30164.24,4813.84,145205830,2021-2022,VEGETABLES (Summer),2021.5,1,Bangladesh
pumpkin(summer),30431.04,5136.96,156322910,2022-2023,VEGETABLES (Summer),2022.5,1,Bangladesh
pumpkin(summer),30063.71,5243.45,157637480,2023-2024,VEGETABLES (Summer),2023.5,1,Bangladesh
ribbedgourd(ghinga),26589.72,3046.1,80995030,2023-2024,VEGETABLES (Summer),2023.5,1,Bangladesh
ribbedgourd(ghinga),26249.84,2880.6,75615250,2022-2023,VEGETABLES (Summer),2022.5,1,Bangladesh
ribbedgourd(jhinga),24123,1962,47335000,2015-2016,VEGETABLES (Summer),2015.5,1,Bangladesh
ribbedgourd(jhinga),25034,1951,48851000,2016-2017,VEGETABLES (Summer),2016.5,1,Bangladesh
ribbedgourd(jhinga),24827,2024,50240000,2017-2018,VEGETABLES (Summer),2017.5,1,Bangladesh
ribbedgourd(jhinga),25190,2072,52187000,2018-2019,VEGETABLES (Summer),2018.5,1,Bangladesh
ribbedgourd(jhinga),25085,2096,52575000,2019-2020,VEGETABLES (Summer),2019.5,1,Bangladesh
ribbedgourd(jhinga),25779.34,2169.06,55917000,2020-2021,VEGETABLES (Summer),2020.5,1,Bangladesh
ribbedgourd(jhinga),26194,2311,60546000,2021-2022,VEGETABLES (Summer),2021.5,1,Bangladesh
snakgourd(chichinga),18468,1995,36836000,2015-2016,VEGETABLES (Summer),2015.5,1,Bangladesh
snakgourd(chichinga),19130,2023,38692000,2016-2017,VEGETABLES (Summer),2016.5,1,Bangladesh
snakgourd(chichinga),18515,2017,37342000,2017-2018,VEGETABLES (Summer),2017.5,1,Bangladesh
snakgourd(chichinga),18523,2031,37613000,2018-2019,VEGETABLES (Summer),2018.5,1,Bangladesh
snakgourd(chichinga),19778,2171,42938000,2019-2020,VEGETABLES (Summer),2019.5,1,Bangladesh
snakgourd(chichinga),19424,2371,46057000,2020-2021,VEGETABLES (Summer),2020.5,1,Bangladesh
snakgourd(chichinga),19728.48,2442.8,48192790,2021-2022,VEGETABLES (Summer),2021.5,1,Bangladesh
snakgourd(chichinga),19796.61,2622.19,51910440,2022-2023,VEGETABLES (Summer),2022.5,1,Bangladesh
snakgourd(chichinga),19959.25,2690.95,53709310,2023-2024,VEGETABLES (Summer),2023.5,1,Bangladesh
spinygourd(kakrol),12024,2308,27787000,2015-2016,VEGETABLES (Summer),2015.5,1,Bangladesh
spinygourd(kakrol),11882,2295,27268000,2016-2017,VEGETABLES (Summer),2016.5,1,Bangladesh
spinygourd(kakrol),12352,2319,28648000,2017-2018,VEGETABLES (Summer),2017.5,1,Bangladesh
spinygourd(kakrol),12889,2476,31910000,2019-2020,VEGETABLES (Summer),2019.5,1,Bangladesh
spinygourd(kakrol),13519.83,2504.33,33858180,2020-2021,VEGETABLES (Summer),2020.5,1,Bangladesh
spinygourd(kakrol),13469.57,3003.09,40450370,2021-2022,VEGETABLES (Summer),2021.5,1,Bangladesh
spinygourd(kakrol),13709.75,3221.78,44169770,2022-2023,VEGETABLES (Summer),2022.5,1,Bangladesh
spinygourd(kakrol),13851.96,3207.62,44431810,2023-2024,VEGETABLES (Summer),2023.5,1,Bangladesh
waxgourd(chalkumra),24120,2975,71757000,2015-2016,VEGETABLES (Summer),2015.5,1,Bangladesh
waxgourd(chalkumra),24742,2993,74052000,2016-2017,VEGETABLES (Summer),2016.5,1,Bangladesh
waxgourd(chalkumra),24560,3044,74753000,2017-2018,VEGETABLES (Summer),2017.5,1,Bangladesh
waxgourd(chalkumra),25303,3116,78845000,2018-2019,VEGETABLES (Summer),2018.5,1,Bangladesh
waxgourd(chalkumra),25050.23,3226.08,80814000,2019-2020,VEGETABLES (Summer),2019.5,1,Bangladesh
waxgourd(chalkumra),25816.26,3408.76,88001430,2020-2021,VEGETABLES (Summer),2020.5,1,Bangladesh
waxgourd(chalkumra),26147.6,3601.57,94172330,2021-2022,VEGETABLES (Summer),2021.5,1,Bangladesh
waxgourd(chalkumra),26191.44,3887.34,101815140,2022-2023,VEGETABLES (Summer),2022.5,1,Bangladesh
waxgourd(chalkumra),26553.36,3932.12,104410910,2023-2024,VEGETABLES (Summer),2023.5,1,Bangladesh
zucchini(dhundol),10750,1981,21292000,2019-2020,VEGETABLES (Summer),2019.5,1,Bangladesh
zucchini(dhundol),11140.82,2143.03,23875070,2020-2021,VEGETABLES (Summer),2020.5,1,Bangladesh
zucchini(dhundol),9645,1871,18047000,2015-2016,VEGETABLES (Summer),2015.5,1,Bangladesh
zucchini(dhundol),9960,1953,19450000,2016-2017,VEGETABLES (Summer),2016.5,1,Bangladesh
zucchini(dhundol),9706,2010,19512000,2017-2018,VEGETABLES (Summer),2017.5,1,Bangladesh
zucchini(dhundol),10705,2001,21426000,2018-2019,VEGETABLES (Summer),2018.5,1,Bangladesh
arum(lati),18520.78,2641.16,48916380,2022-2023,VEGETABLES (Winter),2022.5,1,Bangladesh
arum(lati),18678.74,2729.04,50975070,2023-2024,VEGETABLES (Winter),2023.5,1,Bangladesh
arum(lati),18748.23,2725.84,51104670,2024-2025,VEGETABLES (Winter),2024.5,1,Bangladesh
arum(maankachu),5033.55,3702.89,18638660,2022-2023,VEGETABLES (Winter),2022.5,1,Bangladesh
arum(maankachu),5091.14,3850.07,19601260,2023-2024,VEGETABLES (Winter),2023.5,1,Bangladesh
arum(maankachu),4985.25,3812.31,19005320,2024-2025,VEGETABLES (Winter),2024.5,1,Bangladesh
arum(maankachu),4903.99,3451.11,16924190,2021-2022,VEGETABLES (Winter),2021.5,1,Bangladesh
arum(mukhikachu),24887.24,5381.91,133940960,2024-2025,VEGETABLES (Winter),2024.5,1,Bangladesh
arum(mukhikachu),25090.64,5242.89,131547490,2022-2023,VEGETABLES (Winter),2022.5,1,Bangladesh
arum(mukhikachu),24971.31,5321.3,132879850,2023-2024,VEGETABLES (Winter),2023.5,1,Bangladesh
arum(mukhikachu),23998.37,5129.43,122995490,2021-2022,VEGETABLES (Winter),2021.5,1,Bangladesh
arum(murakachu),9680.3,3817.93,36958680,2022-2023,VEGETABLES (Winter),2022.5,1,Bangladesh
arum(murakachu),9502.98,3891.1,36977020,2023-2024,VEGETABLES (Winter),2023.5,1,Bangladesh
arum(murakachu),9559.45,3916.12,37435950,2024-2025,VEGETABLES (Winter),2024.5,1,Bangladesh
arum(olkachu),2273.08,8978.22,20408210,2022-2023,VEGETABLES (Winter),2022.5,1,Bangladesh
arum(olkachu),4666.39,4764.3,22232090,2024-2025,VEGETABLES (Winter),2024.5,1,Bangladesh
arum(olkachu},2315.4,9532.82,22072290,2023-2024,VEGETABLES (Winter),2023.5,1,Bangladesh
arum(panikachu),14273.92,5019.35,71645840,2022-2023,VEGETABLES (Winter),2022.5,1,Bangladesh
arum(panikachu),13998.51,5025.02,70342750,2023-2024,VEGETABLES (Winter),2023.5,1,Bangladesh
arum(panikachu),13980.36,$116.68 ,71533080,2024-2025,VEGETABLES (Winter),2024.5,1,Bangladesh
arumleaves,4020.01,1626.12,6537020,2023-2024,VEGETABLES (Winter),2023.5,1,Bangladesh
arumleaves,4053.64,1621.66,6573610,2024-2025,VEGETABLES (Winter),2024.5,1,Bangladesh
arumleaves,3813.55,1602.02,6109400,2022-2023,VEGETABLES (Winter),2022.5,1,Bangladesh
arumleaves,4238.74,1356.19,6596290,2021-2022,VEGETABLES (Winter),2021.5,1,Bangladesh
beans,49923,2577,128676000,2015-2016,VEGETABLES (Winter),2015.5,1,Bangladesh
beans,51595,2665,137495000,2016-2017,VEGETABLES (Winter),2016.5,1,Bangladesh
beans,50888,2650,134860000,2017-2018,VEGETABLES (Winter),2017.5,1,Bangladesh
beans,51578,2793,144050000,2018-2019,VEGETABLES (Winter),2018.5,1,Bangladesh
beans,61628,2754,169735000,2019-2020,VEGETABLES (Winter),2019.5,1,Bangladesh
beans,55076.58,3080.36,169655900,2020-2021,VEGETABLES (Winter),2020.5,1,Bangladesh
beans,56940.62,2986.74,170066790,2021-2022,VEGETABLES (Winter),2021.5,1,Bangladesh
beans,63675.78,3582.44,228114830,2022-2023,VEGETABLES (Winter),2022.5,1,Bangladesh
beans,63268.45,3577.31,226330840,2023-2024,VEGETABLES (Winter),2023.5,1,Bangladesh
beans,63506.43,3683.19,233906190,2024-2025,VEGETABLES (Winter),2024.5,1,Bangladesh
beetroot,98.69,2056.34,202940,2020-2021,VEGETABLES (Winter),2020.5,1,Bangladesh
beetroot,294.87,3071.29,905630,2021-2022,VEGETABLES (Winter),2021.5,1,Bangladesh
beetroot,333.14,3184.13,1060760,2022-2023,VEGETABLES (Winter),2022.5,1,Bangladesh
beetroot,365.1,3278.76,1197080,2023-2024,VEGETABLES (Winter),2023.5,1,Bangladesh
beetroot,393.64,3421.48,1346830,2024-2025,VEGETABLES (Winter),2024.5,1,Bangladesh
bittergourd(karala),29229.22,2929.67,85632010,2024-2025,VEGETABLES (Winter),2024.5,1,Bangladesh
brinjal(robi),78458,4335,310150000,2015-2016,VEGETABLES (Winter),2015.5,1,Bangladesh
brinjal(robi),80195,4334,347541000,2016-2017,VEGETABLES (Winter),2016.5,1,Bangladesh
brinjal(robi),80168,4414,355862000,2017-2018,VEGETABLES (Winter),2017.5,1,Bangladesh
brinjal(robi),82206,4384,360421000,2018-2019,VEGETABLES (Winter),2018.5,1,Bangladesh
brinjal(robi),82933,4496,372870000,2019-2020,VEGETABLES (Winter),2019.5,1,Bangladesh
brinjal(robi),83277.36,4621.2,384841030,2020-2021,VEGETABLES (Winter),2020.5,1,Bangladesh
brinjal(robi),84536.65,4838.16,40900146000,2021-2022,VEGETABLES (Winter),2021.5,1,Bangladesh
brinjal(robi),86425.14,5157.93,445775180,2022-2023,VEGETABLES (Winter),2022.5,1,Bangladesh
brinjal(robi),86098.05,5633.73,485052860,2023-2024,VEGETABLES (Winter),2023.5,1,Bangladesh
brinjal(robi),49504.4,5222.66,258544710,2024-2025,VEGETABLES (Winter),2024.5,1,Bangladesh
brinjal(robi),85608.72,5804.53,496918000,2024-2025,VEGETABLES (Winter),2024.5,1,Bangladesh
cabbage,44342,6670,295744000,2015-2016,VEGETABLES (Winter),2015.5,1,Bangladesh
cabbage,45681,6822,311650000,2016-2017,VEGETABLES (Winter),2016.5,1,Bangladesh
cabbage,45829,7020,321719000,2017-2018,VEGETABLES (Winter),2017.5,1,Bangladesh
cabbage,47401,6983,331020000,2018-2019,VEGETABLES (Winter),2018.5,1,Bangladesh
cabbage,54794,7013,384291000,2019-2020,VEGETABLES (Winter),2019.5,1,Bangladesh
cabbage,55201.54,6888.56,380259380,2020-2021,VEGETABLES (Winter),2020.5,1,Bangladesh
cabbage,53129.23,7435.37,395035650,2021-2022,VEGETABLES (Winter),2021.5,1,Bangladesh
cabbage,53463.62,7899.25,422322600,2022-2023,VEGETABLES (Winter),2022.5,1,Bangladesh
cabbage,53391.69,8428.73,450023930,2023-2024,VEGETABLES (Winter),2023.5,1,Bangladesh
cabbage,53888.54,11802.32,636009860,2024-2025,VEGETABLES (Winter),2024.5,1,Bangladesh
carrot,4368,3590,15679000,2015-2016,VEGETABLES (Winter),2015.5,1,Bangladesh
carrot,4533,3597,16306000,2016-2017,VEGETABLES (Winter),2016.5,1,Bangladesh
carrot,5084,3673,18674000,2017-2018,VEGETABLES (Winter),2017.5,1,Bangladesh
carrot,5085,3785,19246000,2018-2019,VEGETABLES (Winter),2018.5,1,Bangladesh
carrot,5374.29,3906.25,20993340,2019-2020,VEGETABLES (Winter),2019.5,1,Bangladesh
carrot,5736.57,4805.55,27567350,2020-2021,VEGETABLES (Winter),2020.5,1,Bangladesh
carrot,6184.94,5036.39,31149770,2021-2022,VEGETABLES (Winter),2021.5,1,Bangladesh
carrot,6488.56,5435.81,35270610,2022-2023,VEGETABLES (Winter),2022.5,1,Bangladesh
carrot,6857.87,6327.9,43395930,2023-2024,VEGETABLES (Winter),2023.5,1,Bangladesh
carrot,6994.95,6477.12,45307140,2024-2025,VEGETABLES (Winter),2024.5,1,Bangladesh
cauliflower,47749,5623,268484000,2015-2016,VEGETABLES (Winter),2015.5,1,Bangladesh
cauliflower,48725,5695,277500000,2016-2017,VEGETABLES (Winter),2016.5,1,Bangladesh
cauliflower,48083,5705,274297000,2017-2018,VEGETABLES (Winter),2017.5,1,Bangladesh
cauliflower,53541,5742,307458000,2018-2019,VEGETABLES (Winter),2018.5,1,Bangladesh
cauliflower,54250,5219,283157000,2019-2020,VEGETABLES (Winter),2019.5,1,Bangladesh
cauliflower,56029.09,5259.48,294684110,2020-2021,VEGETABLES (Winter),2020.5,1,Bangladesh
cauliflower,56426.61,6066.39,342306030,2021-2022,VEGETABLES (Winter),2021.5,1,Bangladesh
cauliflower,56446.94,6089.94,343758710,2022-2023,VEGETABLES (Winter),2022.5,1,Bangladesh
cauliflower,58129.33,7391.62,429670100,2023-2024,VEGETABLES (Winter),2023.5,1,Bangladesh
cauliflower,59332.62,9764.34,579343940,2024-2025,VEGETABLES (Winter),2024.5,1,Bangladesh
cucumber,26735.69,4364.23,116680700,2024-2025,VEGETABLES (Winter),2024.5,1,Bangladesh
danta,27772.38,3423.96,95091460,2024-2025,VEGETABLES (Winter),2024.5,1,Bangladesh
datasak,14669.13,2366.09,34708410,2022-2023,VEGETABLES (Winter),2022.5,1,Bangladesh
datasak,14834.92,2420.94,35914480,2023-2024,VEGETABLES (Winter),2023.5,1,Bangladesh
datasak,14973.26,2521.91,37761210,2024-2025,VEGETABLES (Winter),2024.5,1,Bangladesh
datasak,14199.43,2265.23,32164960,2021-2022,VEGETABLES (Winter),2021.5,1,Bangladesh
gourd,49739.72,5714.97,284261050,2022-2023,VEGETABLES (Winter),2022.5,1,Bangladesh
gourd,50112.96,6257.53,313583360,2023-2024,VEGETABLES (Winter),2023.5,1,Bangladesh
gourd,52336.07,6476.22,338939680,2024-2025,VEGETABLES (Winter),2024.5,1,Bangladesh
gourdleaves(lausak),17348.81,1974.6,34256910,2022-2023,VEGETABLES (Winter),2022.5,1,Bangladesh
gourdleaves(lausak),17596.52,1944.22,34211580,2023-2024,VEGETABLES (Winter),2023.5,1,Bangladesh
gourdleaves(lausak),19103.2,2378.28,45432750,2024-2025,VEGETABLES (Winter),2024.5,1,Bangladesh
gourdleaves(lausak),15373,1607,24702000,2015-2016,VEGETABLES (Winter),2015.5,1,Bangladesh
gourdleaves(lausak),15474,1622,25100000,2016-2017,VEGETABLES (Winter),2016.5,1,Bangladesh
gourdleaves(lausak),16334,1754,28647000,2017-2018,VEGETABLES (Winter),2017.5,1,Bangladesh
gourdleaves(lausak),16156,1660,26812000,2018-2019,VEGETABLES (Winter),2018.5,1,Bangladesh
gourdleaves(lausak),16835,1849,31126370,2019-2020,VEGETABLES (Winter),2019.5,1,Bangladesh
gourdleaves(lausak),17513.73,1848.88,32380770,2020-2021,VEGETABLES (Winter),2020.5,1,Bangladesh
gourdleaves(lausak),17722.09,2010.95,35638240,2021-2022,VEGETABLES (Winter),2021.5,1,Bangladesh
greenbanana,28640.26,6404.93,183438790,2021-2022,VEGETABLES (Winter),2021.5,1,Bangladesh
greenbanana,28969.1,6349.25,183931930,2023-2024,VEGETABLES (Winter),2023.5,1,Bangladesh
greenbanana,28957.47,6371.93,184515030,2024-2025,VEGETABLES (Winter),2024.5,1,Bangladesh
greenbanana,29246.02,6348.01,185654050,2022-2023,VEGETABLES (Winter),2022.5,1,Bangladesh
juteleaves,7593.57,1968.4,14947150,2022-2023,VEGETABLES (Winter),2022.5,1,Bangladesh
juteleaves,7643.89,2017.53,15421760,2023-2024,VEGETABLES (Winter),2023.5,1,Bangladesh
juteleaves,7742.78,2022.49,15659720,2024-2025,VEGETABLES (Winter),2024.5,1,Bangladesh
kachurlati,18962.64,2563.41,48609080,2021-2022,VEGETABLES (Winter),2021.5,1,Bangladesh
kalmishak,5819.69,2025.19,11785950,2021-2022,VEGETABLES (Winter),2021.5,1,Bangladesh
khirai,18090.28,4745.45,85846600,2024-2025,VEGETABLES (Winter),2024.5,1,Bangladesh
lady'sfinger,31248.47,3385.23,105783110,2024-2025,VEGETABLES (Winter),2024.5,1,Bangladesh
longbean(batboti),17738.21,2228.48,39529330,2021-2022,VEGETABLES (Winter),2021.5,1,Bangladesh
longbean(batboti),17937.32,2335.66,41895450,2022-2023,VEGETABLES (Winter),2022.5,1,Bangladesh
longbean(batboti),18047.07,2363.14,42647760,2023-2024,VEGETABLES (Winter),2023.5,1,Bangladesh
longbean(batboti),17904.86,2415.1,43241990,2024-2025,VEGETABLES (Winter),2024.5,1,Bangladesh
malabarspinach(puisak),28728.33,4259.27,122361810,2024-2025,VEGETABLES (Winter),2024.5,1,Bangladesh
murakachu,9205.75,3691.96,33987270,2021-2022,VEGETABLES (Winter),2021.5,1,Bangladesh
otherwintervegts.,17867,2244,40097000,2015-2016,VEGETABLES (Winter),2015.5,1,Bangladesh
otherwintervegts.,18615,2386,44412000,2016-2017,VEGETABLES (Winter),2016.5,1,Bangladesh
otherwintervegts.,18687,2194,41003000,2017-2018,VEGETABLES (Winter),2017.5,1,Bangladesh
owlkachu,2181.9,8183.34,17855230,2021-2022,VEGETABLES (Winter),2021.5,1,Bangladesh
panikachu,14164.86,4599.42,65150090,2021-2022,VEGETABLES (Winter),2021.5,1,Bangladesh
patshak,7253.56,1946.3,14117500,2021-2022,VEGETABLES (Winter),2021.5,1,Bangladesh
pointedgourd(patol),26050.55,5420.23,141199910,2024-2025,VEGETABLES (Winter),2024.5,1,Bangladesh
pumpkin,42639,4365,186112000,2015-2016,VEGETABLES (Winter),2015.5,1,Bangladesh
pumpkin,42612,4474,190644000,2016-2017,VEGETABLES (Winter),2016.5,1,Bangladesh
pumpkin,41664,4586,191087000,2017-2018,VEGETABLES (Winter),2017.5,1,Bangladesh
pumpkin,26383,3988,105226000,2018-2019,VEGETABLES (Winter),2018.5,1,Bangladesh
pumpkin,43171,4764,205666000,2018-2019,VEGETABLES (Winter),2018.5,1,Bangladesh
pumpkin,43262.68,4705.21,203560000,2019-2020,VEGETABLES (Winter),2019.5,1,Bangladesh
pumpkin,43887.84,4910.55,215513400,2020-2021,VEGETABLES (Winter),2020.5,1,Bangladesh
pumpkin,44537.72,5140.81,228960010,2021-2022,VEGETABLES (Winter),2021.5,1,Bangladesh
pumpkin,44872.04,5059.85,227045650,2022-2023,VEGETABLES (Winter),2022.5,1,Bangladesh
pumpkin,44963.56,5769.95,259400650,2023-2024,VEGETABLES (Winter),2023.5,1,Bangladesh
pumpkin,47183.29,6143.78,289883630,2024-2025,VEGETABLES (Winter),2024.5,1,Bangladesh
pumpkin,2940.15,5245.55,154235630,2024-2025,VEGETABLES (Winter),2024.5,1,Bangladesh
radish,65139,4312,280871000,2015-2016,VEGETABLES (Winter),2015.5,1,Bangladesh
radish,65652,4273,280524000,2016-2017,VEGETABLES (Winter),2016.5,1,Bangladesh
radish,65652,4273,280524000,2017-2018,VEGETABLES (Winter),2017.5,1,Bangladesh
radish,64434,4786,308395000,2018-2019,VEGETABLES (Winter),2018.5,1,Bangladesh
radish,64784,4423,286543000,2019-2020,VEGETABLES (Winter),2019.5,1,Bangladesh
radish,67244.72,4693.5,315612910,2020-2021,VEGETABLES (Winter),2020.5,1,Bangladesh
radish,66582.78,4831.77,32171276000,2021-2022,VEGETABLES (Winter),2021.5,1,Bangladesh
radish,67380.38,5056.18,340687060,2022-2023,VEGETABLES (Winter),2022.5,1,Bangladesh
radish,66441.99,5668.06,376597150,2023-2024,VEGETABLES (Winter),2023.5,1,Bangladesh
radish,66115.29,5792.56,382976760,2024-2025,VEGETABLES (Winter),2024.5,1,Bangladesh
redamaranth(lalsak),28089,1839,51664000,2015-2016,VEGETABLES (Winter),2015.5,1,Bangladesh
redamaranth(lalsak),28436,1890,53749000,2016-2017,VEGETABLES (Winter),2016.5,1,Bangladesh
redamaranth(lalsak),29403,2012,59150000,2017-2018,VEGETABLES (Winter),2017.5,1,Bangladesh
redamaranth(lalsak),29277,2278,66694000,2018-2019,VEGETABLES (Winter),2018.5,1,Bangladesh
redamaranth(lalsak),30604,1996,61096000,2019-2020,VEGETABLES (Winter),2019.5,1,Bangladesh
redamaranth(lalsak),31684.43,2062.71,65355810,2020-2021,VEGETABLES (Winter),2020.5,1,Bangladesh
redamaranth(lalsak),32245.77,2255.06,72716240,2021-2022,VEGETABLES (Winter),2021.5,1,Bangladesh
redamaranth(lalsak),32451.23,2155.04,69933860,2022-2023,VEGETABLES (Winter),2022.5,1,Bangladesh
redamaranth(lalsak),32704.09,2223.35,72712660,2023-2024,VEGETABLES (Winter),2023.5,1,Bangladesh
redamaranth(lalsak),32885.87,2315.27,76139830,2024-2025,VEGETABLES (Winter),2024.5,1,Bangladesh
ribbedgourd(jhinga),26536.45,3025.43,80284110,2024-2025,VEGETABLES (Winter),2024.5,1,Bangladesh
snakgourd(chichinga),19918.48,2749.13,54758510,2024-2025,VEGETABLES (Winter),2024.5,1,Bangladesh
spinach(palongsak),21545,2346,50555000,2015-2016,VEGETABLES (Winter),2015.5,1,Bangladesh
spinach(palongsak),21598,3069,66292000,2016-2017,VEGETABLES (Winter),2016.5,1,Bangladesh
spinach(palongsak),22873,2431,35609000,2017-2018,VEGETABLES (Winter),2017.5,1,Bangladesh
spinach(palongsak),23672,2434,57616000,2018-2019,VEGETABLES (Winter),2018.5,1,Bangladesh
spinach(palongsak),14326,2442,59400000,2019-2020,VEGETABLES (Winter),2019.5,1,Bangladesh
spinach(palongsak),24651,2454.91,60516010,2020-2021,VEGETABLES (Winter),2020.5,1,Bangladesh
spinach(palongsak),24509.79,2523.87,61859490,2021-2022,VEGETABLES (Winter),2021.5,1,Bangladesh
spinach(palongsak),24547.53,2581.43,63367770,2022-2023,VEGETABLES (Winter),2022.5,1,Bangladesh
spinach(palongsak),24364.08,2743.34,66838990,2023-2024,VEGETABLES (Winter),2023.5,1,Bangladesh
spinach(palongsak),24282.28,2814,68330340,2024-2025,VEGETABLES (Winter),2024.5,1,Bangladesh
spinygourd(kakrol),12634,1923,24291000,2018-2019,VEGETABLES (Winter),2018.5,1,Bangladesh
spinygourd(kakrol),13931.77,3244.95,45207850,2024-2025,VEGETABLES (Winter),2024.5,1,Bangladesh
tomato,67535,5451,368121000,2015-2016,VEGETABLES (Winter),2015.5,1,Bangladesh
tomato,68366,5686,388725000,2016-2017,VEGETABLES (Winter),2016.5,1,Bangladesh
tomato,69509,5539,385038000,2017-2018,VEGETABLES (Winter),2017.5,1,Bangladesh
tomato,69697,5562,387653000,2018-2019,VEGETABLES (Winter),2018.5,1,Bangladesh
tomato,70460,5897,415494000,2019-2020,VEGETABLES (Winter),2019.5,1,Bangladesh
tomato,72878.64,6144.67,447815430,2020-2021,VEGETABLES (Winter),2020.5,1,Bangladesh
tomato,73151.55,6046.35,442299600,2021-2022,VEGETABLES (Winter),2021.5,1,Bangladesh
tomato,76943.14,6098.07,469204490,2022-2023,VEGETABLES (Winter),2022.5,1,Bangladesh
tomato,76876.32,6393.23,491487790,2023-2024,VEGETABLES (Winter),2023.5,1,Bangladesh
tomato,77102.4,6986.72,538693010,2024-2025,VEGETABLES (Winter),2024.5,1,Bangladesh
turnips(shallgham),2965,2534,7513000,2018-2019,VEGETABLES (Winter),2018.5,1,Bangladesh
turnips(shallgham),3310.74,2701.8,8944950,2019-2020,VEGETABLES (Winter),2019.5,1,Bangladesh
turnips(shallgham),3352.79,2747.89,9213090,2020-2021,VEGETABLES (Winter),2020.5,1,Bangladesh
turnips(shallgham),3478.85,2758.39,9596040,2021-2022,VEGETABLES (Winter),2021.5,1,Bangladesh
turnips(shallgham),3738.6,2921.43,10922040,2022-2023,VEGETABLES (Winter),2022.5,1,Bangladesh
turnips(shallgham),3525.69,2959.72,10435060,2023-2024,VEGETABLES (Winter),2023.5,1,Bangladesh
turnips(shallgham),3607.53,3149.96,11363560,2024-2025,VEGETABLES (Winter),2024.5,1,Bangladesh
utshee,14548,1898,29503000,2018-2019,VEGETABLES (Winter),2018.5,1,Bangladesh
utshee,14419.34,1951.4,28137910,2019-2020,VEGETABLES (Winter),2019.5,1,Bangladesh
utshee,14292.95,2012.12,28759080,2020-2021,VEGETABLES (Winter),2020.5,1,Bangladesh
utshee,15225.37,2110.93,32139620,2021-2022,VEGETABLES (Winter),2021.5,1,Bangladesh
utshee,16486.96,2226.58,36709540,2022-2023,VEGETABLES (Winter),2022.5,1,Bangladesh
utshee,16311.25,2289.66,37347230,2023-2024,VEGETABLES (Winter),2023.5,1,Bangladesh
utshee,16129.24,2347.53,37863860,2024-2025,VEGETABLES (Winter),2024.5,1,Bangladesh
watergourd,45784,4764,218123000,2015-2016,VEGETABLES (Winter),2015.5,1,Bangladesh
watergourd,46664,4845,226084000,2016-2017,VEGETABLES (Winter),2016.5,1,Bangladesh
watergourd,46095,5044,232315000,2017-2018,VEGETABLES (Winter),2017.5,1,Bangladesh
watergourd,47396,4981,236033000,2018-2019,VEGETABLES (Winter),2018.5,1,Bangladesh
watergourd,49096,5105,250613000,2019-2020,VEGETABLES (Winter),2019.5,1,Bangladesh
watergourd,50155.41,5019.46,251753000,2020-2021,VEGETABLES (Winter),2020.5,1,Bangladesh
watergourd,51176.14,5547.87,283918450,2021-2022,VEGETABLES (Winter),2021.5,1,Bangladesh
waterspinach(kalmishak),5939.95,2106.88,12514760,2022-2023,VEGETABLES (Winter),2022.5,1,Bangladesh
waterspinach(kalmishak),6258.31,2136.96,13373780,2023-2024,VEGETABLES (Winter),2023.5,1,Bangladesh
waterspinach(kalmishak),6418.6,2126.49,13649070,2024-2025,VEGETABLES (Winter),2024.5,1,Bangladesh
waxgourd(chalkumra),26380.15,4042.15,106632650,2024-2025,VEGETABLES (Winter),2024.5,1,Bangladesh
zucchini(dhundol),1117838,2410.51,26945640,2021-2022,VEGETABLES (Winter),2021.5,1,Bangladesh
zucchini(dhundol),11499.01,2645.69,30422830,2022-2023,VEGETABLES (Winter),2022.5,1,Bangladesh
zucchini(dhundol),11739.95,2749.53,32279290,2023-2024,VEGETABLES (Winter),2023.5,1,Bangladesh
zucchini(dhundol),11864.44,2778.41,32964230,2024-2025,VEGETABLES (Winter),2024.5,1,Bangladesh
,,,,,,,,
Arabian jasmine (Belly),15.29,439.5029431,6720,2020-2021,Flower (Permanent),2020.5,2,Bangladesh
Arabian jasmine (Belly),23.18,457.2907679,10600,2021-2022,Flower (Permanent),2021.5,2,Bangladesh
Arabian jasmine (Belly),25.34,321.2312549,8140,2022-2023,Flower (Permanent),2022.5,2,Bangladesh
Arabian jasmine (Belly),25.35,342.800789,8690.00,2023-2024,Flower (Permanent),2023.5,2,Bangladesh
Arabian jasmine (Belly),24.2,366.9421488,8880,2024-2025,Flower (Permanent),2024.5,2,Bangladesh
Bengal currant (Kharamcha),37,4567.567568,169000,2018-2019,Fruits (Permanent),2018.5,2,Bangladesh
Bengal currant (Kharamcha),27,6333.333333,171000,2019-2020,Fruits (Permanent),2019.5,2,Bangladesh
Bengal currant (Kharamcha),27,6172.222222,166650,2020-2021,Fruits (Permanent),2020.5,2,Bangladesh
Bengal currant (Kharamcha),60.19,2577.172288,155120,2021-2022,Fruits (Permanent),2021.5,2,Bangladesh
Bengal currant (Kharamcha),64.38,2482.13731,159800,2022-2023,Fruits (Permanent),2022.5,2,Bangladesh
Bengal currant (Kharamcha),66.52,849.0679495,56480.00,2023-2024,Fruits (Permanent),2023.5,2,Bangladesh
Bengal currant (Kharamcha),67.32,2506.833036,168760,2024-2025,Fruits (Permanent),2024.5,2,Bangladesh
Betel nut,30416,9095.969227,276663000,2015-2016,Tobacco,2015.5,2,Bangladesh
Betel nut,42068,5868.189598,246863000,2016-2017,Tobacco,2016.5,2,Bangladesh
Betel nut,76531,2819.550248,215783000,2017-2018,Tobacco,2017.5,2,Bangladesh
Betel nut,96190,3292.597983,316715000,2018-2019,Tobacco,2018.5,2,Bangladesh
Betel nut,96945,3389.653927,328610000,2019-2020,Tobacco,2019.5,2,Bangladesh
Betel nut,115174.01,3002.423463,345801150,2020-2021,Tobacco,2020.5,2,Bangladesh
Betel nut,96757.1,3449.091178,333724060,2021-2022,Tobacco,2021.5,2,Bangladesh
Betel nut,96993.23,3521.751157,341586020,2022-2023,Tobacco,2022.5,2,Bangladesh
Betel nut,97993.23,3633.201294,356029130.00,2023-2024,Tobacco,2023.5,2,Bangladesh
Betel nut,107029.76,3064.301929,327971500,2024-2025,Tobacco,2024.5,2,Bangladesh
Black Berry,354,146898.3051,52002000,2015-2016,Fruits (Permanent),2015.5,2,Bangladesh
Black Berry,290,179982.7586,52195000,2016-2017,Fruits (Permanent),2016.5,2,Bangladesh
Black Berry,47364,1062.663626,50332000,2017-2018,Fruits (Permanent),2017.5,2,Bangladesh
Black Berry,50332,1023.225781,51501000,2018-2019,Fruits (Permanent),2018.5,2,Bangladesh
Black Berry,13751.01,4139.929358,56928210,2020-2021,Fruits (Permanent),2020.5,2,Bangladesh
Black Berry,13357.29,4052.908936,54135880,2021-2022,Fruits (Permanent),2021.5,2,Bangladesh
Black Berry,12626.15,4224.876942,53343930,2022-2023,Fruits (Permanent),2022.5,2,Bangladesh
Black Berry,12824.85,4147.717127,53193850.00,2023-2024,Fruits (Permanent),2023.5,2,Bangladesh
Black Berry,13261.57,3623.218819,48049570,2024-2025,Fruits (Permanent),2024.5,2,Bangladesh
Black Berry ,37494,1509.14813,56584000,2019-2020,Fruits (Permanent),2019.5,2,Bangladesh
Burmese grap (Lotkon),348,5393.678161,1877000,2018-2019,Fruits (Permanent),2018.5,2,Bangladesh
Burmese grap (Lotkon),354,5466.101695,1935000,2019-2020,Fruits (Permanent),2019.5,2,Bangladesh
Burmese grap (Lotkon),407.45,5913.854461,2409600,2020-2021,Fruits (Permanent),2020.5,2,Bangladesh
Burmese grap (Lotkon),456.71,5817.827505,2657060,2021-2022,Fruits (Permanent),2021.5,2,Bangladesh
Burmese grap (Lotkon),470.25,5839.63849,2746090,2022-2023,Fruits (Permanent),2022.5,2,Bangladesh
Burmese grap (Lotkon),479.6,5819.391159,2790980.00,2023-2024,Fruits (Permanent),2023.5,2,Bangladesh
Burmese grap (Lotkon),488.95,5787.319767,2829710,2024-2025,Fruits (Permanent),2024.5,2,Bangladesh
Carambola (Kamranga),41,414.6341463,17000,2015-2016,Fruits (Permanent),2015.5,2,Bangladesh
Carambola (Kamranga),17,836529.4118,14221000,2016-2017,Fruits (Permanent),2016.5,2,Bangladesh
Carambola (Kamranga),7181,2055.424036,14760000,2017-2018,Fruits (Permanent),2017.5,2,Bangladesh
Carambola (Kamranga),7156,1862.632756,13329000,2018-2019,Fruits (Permanent),2018.5,2,Bangladesh
Carambola (Kamranga),7062,2133.67318,15068000,2019-2020,Fruits (Permanent),2019.5,2,Bangladesh
Carambola (Kamranga),4198.8,3407.494999,14307390,2020-2021,Fruits (Permanent),2020.5,2,Bangladesh
Carambola (Kamranga),3661.16,4078.371336,14931570,2021-2022,Fruits (Permanent),2021.5,2,Bangladesh
Carambola (Kamranga),3832.83,3807.077277,14591880,2022-2023,Fruits (Permanent),2022.5,2,Bangladesh
Carambola (Kamranga),3010.16,4949.012677,14897320.00,2023-2024,Fruits (Permanent),2023.5,2,Bangladesh
Carambola (Kamranga),3407.98,4471.977535,15240410,2024-2025,Fruits (Permanent),2024.5,2,Bangladesh
Cassia-leaf,1413,4375.796178,6183000,2018-2019,Condiments & Spices,2018.5,2,Bangladesh
Cassia-leaf,1392,1303.87931,1815000,2019-2020,Condiments & Spices,2019.5,2,Bangladesh
Cassia-leaf,1233.15,1298.471394,1601210,2020-2021,Condiments & Spices,2020.5,2,Bangladesh
Cassia-leaf,1167.31,1271.547404,1484290,2021-2022,Condiments & Spices,2021.5,2,Bangladesh
Cassia-leaf,1145.02,1311.086269,1501220,2022-2023,Condiments & Spices,2022.5,2,Bangladesh
Cassia-leaf,1328.06,1240.087044,1646910.00,2023-2024,Condiments & Spices,2023.5,2,Bangladesh
Cassia-leaf,1162.65,1373.870038,1597330,2024-2025,Condiments & Spices,2024.5,2,Bangladesh
Coconut,5878,63672.84791,374269000,2015-2016,Oil,2015.5,2,Bangladesh
Coconut,9602,42557.27973,408635000,2016-2017,Oil,2016.5,2,Bangladesh
Coconut,10365,45053.06319,466975000,2017-2018,Oil,2017.5,2,Bangladesh
Coconut,88740,4863.601533,431596000,2018-2019,Oil,2018.5,2,Bangladesh
Coconut,89786,4587.274185,411873000,2019-2020,Oil,2019.5,2,Bangladesh
Coconut,89322,4510.109492,402852000,2020-2021,Oil,2020.5,2,Bangladesh
Coconut,74028,5565.050521,411969560,2021-2022,Oil,2021.5,2,Bangladesh
Coconut,74755.47,5399.707205,403657650,2022-2023,Oil,2022.5,2,Bangladesh
Coconut,65038.11,6156.263766,400391760.00,2023-2024,Oil,2023.5,2,Bangladesh
Coconut,61395.73,6478.602014,397758500,2024-2025,Oil,2024.5,2,Bangladesh
Custard apple (Sharifa),640,2762.5,1768000,2018-2019,Fruits (Permanent),2018.5,2,Bangladesh
Custard apple (Sharifa),720,3147.222222,2266000,2019-2020,Fruits (Permanent),2019.5,2,Bangladesh
Custard apple (Sharifa),840.42,2652.745056,2229420,2020-2021,Fruits (Permanent),2020.5,2,Bangladesh
Custard apple (Sharifa),810.9,2050.84474,1663030,2021-2022,Fruits (Permanent),2021.5,2,Bangladesh
Custard apple (Sharifa),878.2,2013.926213,1768630,2022-2023,Fruits (Permanent),2022.5,2,Bangladesh
Custard apple (Sharifa),879.27,2088.891922,1836700.00,2023-2024,Fruits (Permanent),2023.5,2,Bangladesh
Custard apple (Sharifa),891.02,2150.243541,1915910,2024-2025,Fruits (Permanent),2024.5,2,Bangladesh
Date palm (Fruit),853,45977.72567,39219000,2015-2016,Sugar Crop,2015.5,2,Bangladesh
Date palm (Fruit),311,125205.7878,38939000,2016-2017,Sugar Crop,2016.5,2,Bangladesh
Date palm (Fruit),92333,400.4418789,36974000,2017-2018,Sugar Crop,2017.5,2,Bangladesh
Date palm (Fruit),55540,636.3521786,35343000,2018-2019,Sugar Crop,2018.5,2,Bangladesh
Date palm (Fruit),26099,1354.649603,35355000,2019-2020,Sugar Crop,2019.5,2,Bangladesh
Date palm (Fruit),23441.54,1714.380113,40187710,2020-2021,Sugar Crop,2020.5,2,Bangladesh
Date palm (Fruit),15680.05,2535.058243,39749840,2022-2023,Sugar Crop,2022.5,2,Bangladesh
Date palm (Fruit),21513.79,1805.329047,38839470.00,2023-2024,Sugar Crop,2023.5,2,Bangladesh
Date palm (Fruit),21188.6,1787.012356,37864290,2024-2025,Sugar Crop,2024.5,2,Bangladesh
Date palm (Fruit),21628.56,1859.085394,40209340,2021-2022,Sugar Crop,2021.5,2,Bangladesh
Date Palm (Juice),1769,101626.3426,179777000,2015-2016,Sugar Crop,2015.5,2,Bangladesh
Date Palm (Juice),5132,32941.54326,169056000,2016-2017,Sugar Crop,2016.5,2,Bangladesh
Date Palm (Juice),68693,2632.946588,180865000,2017-2018,Sugar Crop,2017.5,2,Bangladesh
Date Palm (Juice),63261,2618.532745,165651000,2018-2019,Sugar Crop,2018.5,2,Bangladesh
Date Palm (Juice),75260,2029.590752,152747000,2019-2020,Sugar Crop,2019.5,2,Bangladesh
Date Palm (Juice),68400,2189.488304,149761000,2020-2021,Sugar Crop,2020.5,2,Bangladesh
Date Palm (Juice),17673.5,9494.030611,167792750,2022-2023,Sugar Crop,2022.5,2,Bangladesh
Date Palm (Juice),17555.69,9004.688508,158083520.00,2023-2024,Sugar Crop,2023.5,2,Bangladesh
Date Palm (Juice),17510.67,9069.735767,158817150,2024-2025,Sugar Crop,2024.5,2,Bangladesh
Date Palm (Juice),39057.74,3906.10491,152563630,2021-2022,Sugar Crop,2021.5,2,Bangladesh
Dragaon,18,1944.444444,35000,2018-2019,Fruits (Permanent),2018.5,2,Bangladesh
Dragaon,34,4147.058824,141000,2019-2020,Fruits (Permanent),2019.5,2,Bangladesh
Dragaon,349.69,3256.312734,1138700,2020-2021,Fruits (Permanent),2020.5,2,Bangladesh
Dragaon,717.53,4395.412039,3153840,2021-2022,Fruits (Permanent),2021.5,2,Bangladesh
Dragaon,1135.4,5248.626035,5959290,2022-2023,Fruits (Permanent),2022.5,2,Bangladesh
Dragaon,1914.31,5095.783859,9754910.00,2023-2024,Fruits (Permanent),2023.5,2,Bangladesh
Dragaon,2092.62,5984.067819,12522380,2024-2025,Fruits (Permanent),2024.5,2,Bangladesh
Elephant Apple (Chalta),5002,1926.229508,9635000,2018-2019,Fruits (Permanent),2018.5,2,Bangladesh
Elephant Apple (Chalta),5196.7,1887.544018,9809000,2019-2020,Fruits (Permanent),2019.5,2,Bangladesh
Elephant Apple (Chalta),5106.77,2062.256573,10531470,2020-2021,Fruits (Permanent),2020.5,2,Bangladesh
Elephant Apple (Chalta),3376.84,3162.714254,10679980,2021-2022,Fruits (Permanent),2021.5,2,Bangladesh
Elephant Apple (Chalta),3186.75,32012.06245,102014440,2022-2023,Fruits (Permanent),2022.5,2,Bangladesh
Elephant Apple (Chalta),2523.39,3981.053266,10045750.00,2023-2024,Fruits (Permanent),2023.5,2,Bangladesh
Elephant Apple (Chalta),2545.87,3992.034157,10163200,2024-2025,Fruits (Permanent),2024.5,2,Bangladesh
Guava,96608,2451.981202,236881000,2018-2019,Fruits (Permanent),2018.5,2,Bangladesh
Green Coconut,11635,36405.84443,423582000,2015-2016,Fruits (Permanent),2015.5,2,Bangladesh
Green Coconut,3585,131393.5844,471046000,2016-2017,Fruits (Permanent),2016.5,2,Bangladesh
Green Coconut,19254,23125.94785,445267000,2017-2018,Fruits (Permanent),2017.5,2,Bangladesh
Green Coconut,77213,6126.882779,473075000,2018-2019,Fruits (Permanent),2018.5,2,Bangladesh
Green Coconut,77153,6217.114046,479669000,2019-2020,Fruits (Permanent),2019.5,2,Bangladesh
Green Coconut,62576,7074.725134,442708000,2020-2021,Fruits (Permanent),2020.5,2,Bangladesh
Green Coconut,61093.89,7510.656794,458855240,2021-2022,Fruits (Permanent),2021.5,2,Bangladesh
Green Coconut,55360.28,8256.609432,457088210,2022-2023,Fruits (Permanent),2022.5,2,Bangladesh
Green Coconut,56665.53,8279.448194,469159320.00,2023-2024,Fruits (Permanent),2023.5,2,Bangladesh
Green Coconut,53543.98,8574.841467,459131140,2024-2025,Fruits (Permanent),2024.5,2,Bangladesh
Green Palm (Taler Shash),84,785880.9524,66014000,2015-2016,Sugar Crop,2015.5,2,Bangladesh
Green Palm (Taler Shash),396,179593.4343,71119000,2016-2017,Sugar Crop,2016.5,2,Bangladesh
Green Palm (Taler Shash),48879,1521.553223,74372000,2017-2018,Sugar Crop,2017.5,2,Bangladesh
Green Palm (Taler Shash),50202,2075.415322,104190000,2018-2019,Sugar Crop,2018.5,2,Bangladesh
Green Palm (Taler Shash),50313,1451.135889,73011000,2019-2020,Sugar Crop,2019.5,2,Bangladesh
Green Palm (Taler Shash),12207.67,6476.313662,79060700,2020-2021,Sugar Crop,2020.5,2,Bangladesh
Green Palm (Taler Shash),12708.34,6055.661086,76957400,2021-2022,Sugar Crop,2021.5,2,Bangladesh
Green Palm (Taler Shash),11176.57,6737.832806,75305860,2022-2023,Sugar Crop,2022.5,2,Bangladesh
Green Palm (Taler Shash),20605.91,3620.026488,74593940.00,2023-2024,Sugar Crop,2023.5,2,Bangladesh
Green Palm (Taler Shash),20630.74,3833.696707,79092000,2024-2025,Sugar Crop,2024.5,2,Bangladesh
Green Papaya,4786,42148.34935,201722000,2015-2016,Vegetable (Summer),2015.5,2,Bangladesh
Green Papaya,7223,30833.58715,222711000,2016-2017,Vegetable (Summer),2016.5,2,Bangladesh
Green Papaya,5722,44857.56728,256675000,2017-2018,Vegetable (Summer),2017.5,2,Bangladesh
Green Papaya,21776,16202.05731,352816000,2018-2019,Vegetable (Summer),2018.5,2,Bangladesh
Green Papaya,19811,19757.96275,391425000,2019-2020,Vegetable (Summer),2019.5,2,Bangladesh
Green Papaya,26393.13,11076.4089,292341100,2020-2021,Vegetable (Summer),2020.5,2,Bangladesh
Green Papaya,21923.94,14045.6168,307935260,2021-2022,Vegetable (Summer),2021.5,2,Bangladesh
Green Papaya,21833.2,14480.51042,316155880,2022-2023,Vegetable (Summer),2022.5,2,Bangladesh
Green Papaya,23466.01,13575.72335,318568060.00,2023-2024,Vegetable (Summer),2023.5,2,Bangladesh
Green Papaya ,24360.68,13975.33772,340448730,2024-2025,Vegetable (Summer),2024.5,2,Bangladesh
Guava,8794,24369.79759,214308000,2015-2016,Fruits (Permanent),2015.5,2,Bangladesh
Guava,11526,19900.74614,229376000,2016-2017,Fruits (Permanent),2016.5,2,Bangladesh
Guava,11365,21249.80202,241504000,2017-2018,Fruits (Permanent),2017.5,2,Bangladesh
Guava,67344.92,3356.27394,226028000,2019-2020,Fruits (Permanent),2019.5,2,Bangladesh
Guava,58618,4161.810365,243957000,2020-2021,Fruits (Permanent),2020.5,2,Bangladesh
Guava,4474200,54.61467972,244357000,2021-2022,Fruits (Permanent),2021.5,2,Bangladesh
Guava,45386.94,5642.714843,256105560,2022-2023,Fruits (Permanent),2022.5,2,Bangladesh
Guava,45569.77,5661.310996,257984640.00,2023-2024,Fruits (Permanent),2023.5,2,Bangladesh
Guava,44520.24,5983.910913,266405150,2024-2025,Fruits (Permanent),2024.5,2,Bangladesh
Hog-plum (Amra),195,185492.3077,36171000,2015-2016,Fruits (Permanent),2015.5,2,Bangladesh
Hog-plum (Amra),247,159732.7935,39454000,2016-2017,Fruits (Permanent),2016.5,2,Bangladesh
Hog-plum (Amra),17733,2251.226527,39921000,2017-2018,Fruits (Permanent),2017.5,2,Bangladesh
Hog-plum (Amra),18437,2197.808754,40521000,2018-2019,Fruits (Permanent),2018.5,2,Bangladesh
Hog-plum (Amra),18970,2428.518714,46069000,2019-2020,Fruits (Permanent),2019.5,2,Bangladesh
Hog-plum (Amra),11417,3724.883945,42527000,2020-2021,Fruits (Permanent),2020.5,2,Bangladesh
Hog-plum (Amra),11737,3731.883786,43801120,2021-2022,Fruits (Permanent),2021.5,2,Bangladesh
Hog-plum (Amra),11261.25,3890406.862,43810844280,2022-2023,Fruits (Permanent),2022.5,2,Bangladesh
Hog-plum (Amra),10956.72,4144.339729,45408370.00,2023-2024,Fruits (Permanent),2023.5,2,Bangladesh
Hog-plum (Amra),11126.53,4170.478128,46402950,2024-2025,Fruits (Permanent),2024.5,2,Bangladesh
Jack fruit,41014,25305.43229,1037877000,2018-2019,Fruits (Permanent),2018.5,2,Bangladesh
Jack fruit,27334,37724.18965,1031153000,2015-2016,Fruits (Permanent),2015.5,2,Bangladesh
Jack fruit,35342,29707.20389,1049912000,2016-2017,Fruits (Permanent),2016.5,2,Bangladesh
Jack fruit,24731,43488.94101,1075525000,2017-2018,Fruits (Permanent),2017.5,2,Bangladesh
Jack fruit,40896,24495.20736,1001756000,2019-2020,Fruits (Permanent),2019.5,2,Bangladesh
Jack fruit,44630,24579.90141,1097001000,2020-2021,Fruits (Permanent),2020.5,2,Bangladesh
Jack fruit,69161,15180.37622,1049890000,2021-2022,Fruits (Permanent),2021.5,2,Bangladesh
Jack fruit,75842.04,14006.77355,1062302280,2022-2023,Fruits (Permanent),2022.5,2,Bangladesh
Jack fruit,112863.9,9084.965963,1025364690.00,2023-2024,Fruits (Permanent),2023.5,2,Bangladesh
Jack fruit,108740.78,9387.653831,1020820800,2024-2025,Fruits (Permanent),2024.5,2,Bangladesh
Jujube (Kul),5267,16387.69698,86314000,2015-2016,Fruits (Permanent),2015.5,2,Bangladesh
Jujube (Kul),7062,12726.56471,89875000,2016-2017,Fruits (Permanent),2016.5,2,Bangladesh
Jujube (Kul),4292,26606.01118,114193000,2017-2018,Fruits (Permanent),2017.5,2,Bangladesh
Jujube (Kul),39763,3248.019516,129151000,2018-2019,Fruits (Permanent),2018.5,2,Bangladesh
Jujube (Kul),38506,3401.210201,130967000,2019-2020,Fruits (Permanent),2019.5,2,Bangladesh
Jujube (Kul),38652,2793.076684,107958000,2020-2021,Fruits (Permanent),2020.5,2,Bangladesh
Jujube (Kul),40436.62,2346.323704,94877400,2021-2022,Fruits (Permanent),2021.5,2,Bangladesh
Jujube (Kul),17357.8,5579.295187,96844290,2022-2023,Fruits (Permanent),2022.5,2,Bangladesh
Jujube (Kul),21120.49,4773.504781,100818760.00,2023-2024,Fruits (Permanent),2023.5,2,Bangladesh
Jujube (Kul),20855.19,4868.041001,101523920,2024-2025,Fruits (Permanent),2024.5,2,Bangladesh
Kathbell,2193,1847.241222,4051000,2018-2019,Fruits (Permanent),2018.5,2,Bangladesh
Kathbell,3045,1324.794745,4034000,2019-2020,Fruits (Permanent),2019.5,2,Bangladesh
Kathbell,3141,1378.159822,4328800,2020-2021,Fruits (Permanent),2020.5,2,Bangladesh
Kathbell,3242.32,1460.367885,4734980,2021-2022,Fruits (Permanent),2021.5,2,Bangladesh
Kathbell,3488.2,1312.476349,4578180,2022-2023,Fruits (Permanent),2022.5,2,Bangladesh
Kathbell,1217.07,3786.018881,4607850.00,2023-2024,Fruits (Permanent),2023.5,2,Bangladesh
Kathbell,1242.39,3753.515402,4663330,2024-2025,Fruits (Permanent),2024.5,2,Bangladesh
Lichi,43901,1818.500718,79834000,2018-2019,Fruits (Permanent),2018.5,2,Bangladesh
Lichi,5649,13755.53195,77705000,2015-2016,Fruits (Permanent),2015.5,2,Bangladesh
Lichi,7136,12653.72758,90297000,2016-2017,Fruits (Permanent),2016.5,2,Bangladesh
Lichi,40889,2302.819829,94160000,2017-2018,Fruits (Permanent),2017.5,2,Bangladesh
Lichi,31591,2561.489032,80920000,2019-2020,Fruits (Permanent),2019.5,2,Bangladesh
Lichi,20388.53,4559.34832,92958410,2021-2022,Fruits (Permanent),2021.5,2,Bangladesh
Lichi,21759.2,4812.141071,104708340,2022-2023,Fruits (Permanent),2022.5,2,Bangladesh
Lichi,22442.29,4394.476678,98622120.00,2023-2024,Fruits (Permanent),2023.5,2,Bangladesh
Lichi,22923.33,4249.068525,97402800,2024-2025,Fruits (Permanent),2024.5,2,Bangladesh
Licht,17279.99,5045.361716,87183800,2020-2021,Fruits (Permanent),2020.5,2,Bangladesh
Lime & Lemon,158842,422.2875562,67077000,2018-2019,Fruits (Permanent),2018.5,2,Bangladesh
Lime & Lemon,4817,13538.30185,65214000,2015-2016,Fruits (Permanent),2015.5,2,Bangladesh
Lime & Lemon,6371,10851.04379,69132000,2016-2017,Fruits (Permanent),2016.5,2,Bangladesh
Lime & Lemon,4415,15192.97848,67077000,2017-2018,Fruits (Permanent),2017.5,2,Bangladesh
Lime & Lemon,156440,374.2776783,58552000,2019-2020,Fruits (Permanent),2019.5,2,Bangladesh
Lime & Lemon,162242.69,502.9777305,81604460,2020-2021,Fruits (Permanent),2020.5,2,Bangladesh
Lime & Lemon,30248.22,3154.297674,95411890,2021-2022,Fruits (Permanent),2021.5,2,Bangladesh
Lime & Lemon,33087.57,3020.193686,99930870,2022-2023,Fruits (Permanent),2022.5,2,Bangladesh
Lime & Lemon,20567.26,5181.464619,106568530.00,2023-2024,Fruits (Permanent),2023.5,2,Bangladesh
Lime & Lemon,21325.38,5250.018523,111958640,2024-2025,Fruits (Permanent),2024.5,2,Bangladesh
Mango,93480,12427.09671,1161685000,2015-2016,Fruits (Permanent),2015.5,2,Bangladesh
Mango,102939,12515.32461,1288315000,2016-2017,Fruits (Permanent),2016.5,2,Bangladesh
Mango,109584,10638.45087,1165804000,2017-2018,Fruits (Permanent),2017.5,2,Bangladesh
Mango,235393,5180.485401,1219450000,2018-2019,Fruits (Permanent),2018.5,2,Bangladesh
Mango,235348,5193.874603,1222368000,2019-2020,Fruits (Permanent),2019.5,2,Bangladesh
Mango,286823,4234.656914,1214597000,2020-2021,Fruits (Permanent),2020.5,2,Bangladesh
Mango,299054,4037.551747,1207446000,2021-2022,Fruits (Permanent),2021.5,2,Bangladesh
Mango,306274.32,4841.858893,1482937040,2022-2023,Fruits (Permanent),2022.5,2,Bangladesh
Mango,391464.86,4707.073273,1842653780.00,2023-2024,Fruits (Permanent),2023.5,2,Bangladesh
Mango,344216.52,5438.263713,1871940210,2024-2025,Fruits (Permanent),2024.5,2,Bangladesh
Monkey jackfruit (Dewya),56,28375,1589000,2018-2019,Fruits (Permanent),2018.5,2,Bangladesh
Monkey jackfruit (Dewya),52,25538.46154,1328000,2019-2020,Fruits (Permanent),2019.5,2,Bangladesh
Monkey jackfruit (Dewya),7,232785.7143,1629500,2020-2021,Fruits (Permanent),2020.5,2,Bangladesh
Monkey jackfruit (Dewya),74.21,21994.74464,1632230,2021-2022,Fruits (Permanent),2021.5,2,Bangladesh
Monkey jackfruit (Dewya),69.72,21008.03213,1464680,2022-2023,Fruits (Permanent),2022.5,2,Bangladesh
Monkey jackfruit (Dewya),804.18,1899.350892,1527420.00,2023-2024,Fruits (Permanent),2023.5,2,Bangladesh
Monkey jackfruit (Dewya),803.24,1907.98516,1532570,2024-2025,Fruits (Permanent),2024.5,2,Bangladesh
Moringa (Shajna),0,0,26949000,2015-2016,Vegetable (Summer),2015.5,2,Bangladesh
Moringa (Shajna),0,0,28632000,2016-2017,Vegetable (Summer),2016.5,2,Bangladesh
Moringa (Shajna),1409,22311.56849,31437000,2017-2018,Vegetable (Summer),2017.5,2,Bangladesh
Moringa (Shajna),16967,1694.171038,28745000,2018-2019,Vegetable (Summer),2018.5,2,Bangladesh
Moringa (Shajna),14661,1914.807994,28073000,2019-2020,Vegetable (Summer),2019.5,2,Bangladesh
Moringa (Shajna),7613,3754.630238,28584000,2020-2021,Vegetable (Summer),2020.5,2,Bangladesh
Moringa (Shajna),7444.2,400.3371753,2980190,2021-2022,Vegetable (Summer),2021.5,2,Bangladesh
Moringa (Shajna),7802.33,3992.069036,31147440,2022-2023,Vegetable (Summer),2022.5,2,Bangladesh
Moringa (Shajna),7521.63,4437.93566,33380510.00,2023-2024,Vegetable (Summer),2023.5,2,Bangladesh
Moringa (Shajna),7777.13,4368.396825,33973590,2024-2025,Vegetable (Summer),2024.5,2,Bangladesh
Mulberry,463,59885.52916,27727000,2015-2016,Other Food Crop,2015.5,2,Bangladesh
Mulberry,491,55122.19959,27065000,2016-2017,Other Food Crop,2016.5,2,Bangladesh
Mulberry,314,85337.57962,26796000,2017-2018,Other Food Crop,2017.5,2,Bangladesh
Mulberry,292,93407.53425,27275000,2018-2019,Other Food Crop,2018.5,2,Bangladesh
Mulberry,874,30209.38215,26403000,2019-2020,Other Food Crop,2019.5,2,Bangladesh
Mulberry,934,32691.64882,30534000,2020-2021,Other Food Crop,2020.5,2,Bangladesh
Mulberry,733,40156.8895,29435000,2021-2022,Other Food Crop,2021.5,2,Bangladesh
Mulberry,613.02,37364.96362,22905470,2022-2023,Other Food Crop,2022.5,2,Bangladesh
Mulberry,619.73,31913.73663,19777900.00,2023-2024,Other Food Crop,2023.5,2,Bangladesh
Mulberry,591.7,34364.27244,20333340,2024-2025,Other Food Crop,2024.5,2,Bangladesh
Myrobalan (Amloki),3180,827.3584906,2631000,2018-2019,Fruits (Permanent),2018.5,2,Bangladesh
Myrobalan (Amloki),3355,822.6527571,2760000,2019-2020,Fruits (Permanent),2019.5,2,Bangladesh
Myrobalan (Amloki),1627.17,1733.328417,2820420,2020-2021,Fruits (Permanent),2020.5,2,Bangladesh
Myrobalan (Amloki),1638.84,1592.199361,2609360,2021-2022,Fruits (Permanent),2021.5,2,Bangladesh
Myrobalan (Amloki),1456.41,1671.850646,2434900,2022-2023,Fruits (Permanent),2022.5,2,Bangladesh
Myrobalan (Amloki),1453.37,1858.29486,2700790.00,2023-2024,Fruits (Permanent),2023.5,2,Bangladesh
Myrobalan (Amloki),1453.53,1750.36635,2544210,2024-2025,Fruits (Permanent),2024.5,2,Bangladesh
Olive,168,113244.0476,19025000,2015-2016,Fruits (Permanent),2015.5,2,Bangladesh
Olive,184,97217.3913,17888000,2016-2017,Fruits (Permanent),2016.5,2,Bangladesh
Olive,20918,858.6862989,17962000,2017-2018,Fruits (Permanent),2017.5,2,Bangladesh
Olive,4766,3660.721779,17447000,2018-2019,Fruits (Permanent),2018.5,2,Bangladesh
Olive,5050 ,3585 ,18106000,2019-2020,Fruits (Permanent),2019.5,2,Bangladesh
Olive,5205.25,3621.08064,18848630,2020-2021,Fruits (Permanent),2020.5,2,Bangladesh
Olive,5101.22,3625.877731,18496400,2021-2022,Fruits (Permanent),2021.5,2,Bangladesh
Olive,4794.43,3926.633614,18825970,2022-2023,Fruits (Permanent),2022.5,2,Bangladesh
Olive,4799.11,3991.060843,19153540.00,2023-2024,Fruits (Permanent),2023.5,2,Bangladesh
Olive,4817.57,4037.29266,19449940,2024-2025,Fruits (Permanent),2024.5,2,Bangladesh
Orange,1073,2999.068034,3218000,2015-2016,Fruits (Permanent),2015.5,2,Bangladesh
Orange,1055,3196.208531,3372000,2016-2017,Fruits (Permanent),2016.5,2,Bangladesh
Orange,220650,15.02379334,3315000,2017-2018,Fruits (Permanent),2017.5,2,Bangladesh
Orange,45342,74.83128225,3393000,2018-2019,Fruits (Permanent),2018.5,2,Bangladesh
Orange,1915,1677.284595,3212000,2019-2020,Fruits (Permanent),2019.5,2,Bangladesh
Orange,1920,1947.557292,3739310,2020-2021,Fruits (Permanent),2020.5,2,Bangladesh
Orange,2188.14,1622.693246,3550680,2021-2022,Fruits (Permanent),2021.5,2,Bangladesh
Orange,2439.45,1482.477608,3616430,2022-2023,Fruits (Permanent),2022.5,2,Bangladesh
Orange,2435.62,1623.340258,3953840.00,2023-2024,Fruits (Permanent),2023.5,2,Bangladesh
Orange,2493.96,1672.196026,4170390,2024-2025,Fruits (Permanent),2024.5,2,Bangladesh
Palm (Juice),9456.76,910.4703937,8610100 ,2022-2023,Sugar Crop,2022.5,2,Bangladesh
Palm (Juice),9337.24,6554.149834,61197670.00,2023-2024,Sugar Crop,2023.5,2,Bangladesh
Palm (Juice),10131.91,6519.479545,66054780,2024-2025,Sugar Crop,2024.5,2,Bangladesh
Palmyra Palm (Juice),103,896281.5534,92317000,2015-2016,Sugar Crop,2015.5,2,Bangladesh
Palmyra Palm (Juice),196,457811.2245,89731000,2016-2017,Sugar Crop,2016.5,2,Bangladesh
Palmyra Palm (Juice),33036,2761.109093,91216000,2017-2018,Sugar Crop,2017.5,2,Bangladesh
Palmyra Palm (Juice),7505,6567.621586,49290000,2018-2019,Sugar Crop,2018.5,2,Bangladesh
Palmyra Palm (Juice),6837,6752.523036,46167000,2019-2020,Sugar Crop,2019.5,2,Bangladesh
Palmyra Palm (Juice),10106.2,5696.409135,57569050,2020-2021,Sugar Crop,2020.5,2,Bangladesh
Palmyra Palm (Juice),10238.17,5557.65337,56900200,2021-2022,Sugar Crop,2021.5,2,Bangladesh
Permenant Condiment,129,12015.50388,1550000,2015-2016,Condiments & Spices,2015.5,2,Bangladesh
Permenant Condiment,156,10192.30769,1590000,2016-2017,Condiments & Spices,2016.5,2,Bangladesh
Permenant Condiment,333,6546.546547,2180000,2017-2018,Condiments & Spices,2017.5,2,Bangladesh
Pomegranate (Dalim),1005,2707.462687,2721000,2018-2019,Fruits (Permanent),2018.5,2,Bangladesh
Pomegranate (Dalim),1002,1508.982036,1512000,2019-2020,Fruits (Permanent),2019.5,2,Bangladesh
Pomegranate (Dalim),670.64,2106.033043,1412390,2020-2021,Fruits (Permanent),2020.5,2,Bangladesh
Pomegranate (Dalim),790.4,1825.202429,1442640,2021-2022,Fruits (Permanent),2021.5,2,Bangladesh
Pomegranate (Dalim),815.94,1898.166532,1548790,2022-2023,Fruits (Permanent),2022.5,2,Bangladesh
Pomegranate (Dalim),795.89,2007.991054,1598140.00,2023-2024,Fruits (Permanent),2023.5,2,Bangladesh
Pomegranate (Dalim),829.14,1893.311142,1569820,2024-2025,Fruits (Permanent),2024.5,2,Bangladesh
Pomelo,812,81859.60591,66470000,2015-2016,Fruits (Permanent),2015.5,2,Bangladesh
Pomelo,777,84375.80438,65560000,2016-2017,Fruits (Permanent),2016.5,2,Bangladesh
Pomelo,1079,63148.28545,68137000,2017-2018,Fruits (Permanent),2017.5,2,Bangladesh
Pomelo,31240,2308.258643,72110000,2018-2019,Fruits (Permanent),2018.5,2,Bangladesh
Pomelo,31641,2560.791378,81026000,2019-2020,Fruits (Permanent),2019.5,2,Bangladesh
Pomelo,13969.98,563.0516293,7865820,2020-2021,Fruits (Permanent),2020.5,2,Bangladesh
Pomelo,13982.12,5461.591661,76364630,2021-2022,Fruits (Permanent),2021.5,2,Bangladesh
Pomelo,12800.07,5608.19433,71785280,2022-2023,Fruits (Permanent),2022.5,2,Bangladesh
Pomelo,12789.09,5575.28018,71302760.00,2023-2024,Fruits (Permanent),2023.5,2,Bangladesh
Pomelo,12483.32,5931.949994,74050430,2024-2025,Fruits (Permanent),2024.5,2,Bangladesh
Ripe Papaya,9761,13356.31595,130371000,2015-2016,Fruits (Permanent),2015.5,2,Bangladesh
Ripe Papaya,3942,34157.02689,134647000,2016-2017,Fruits (Permanent),2016.5,2,Bangladesh
Ripe Papaya,8251,15949.33947,131598000,2017-2018,Fruits (Permanent),2017.5,2,Bangladesh
Ripe Papaya,8461,16051.17598,135809000,2018-2019,Fruits (Permanent),2018.5,2,Bangladesh
Ripe Papaya,9004,14513.43847,130679000,2019-2020,Fruits (Permanent),2019.5,2,Bangladesh
Ripe Papaya,8414,14946.28001,125758000,2020-2021,Fruits (Permanent),2020.5,2,Bangladesh
Ripe Papaya,1229979,119.7993299,147350660,2021-2022,Fruits (Permanent),2021.5,2,Bangladesh
Ripe Papaya,1798.81,80784.97451,145316820,2022-2023,Fruits (Permanent),2022.5,2,Bangladesh
Ripe Papaya,17679.99,8266.830468,146157480.00,2023-2024,Fruits (Permanent),2023.5,2,Bangladesh
Ripe Papaya,17539.36,8292.26494,145441020,2024-2025,Fruits (Permanent),2024.5,2,Bangladesh
Ripe Tal,123,1225666.667,150757000,2015-2016,Sugar Crop,2015.5,2,Bangladesh
Ripe Tal,98,1643918.367,161104000,2016-2017,Sugar Crop,2016.5,2,Bangladesh
Ripe Tal,6326324,25.27534157,159900000,2017-2018,Sugar Crop,2017.5,2,Bangladesh
Ripe Tal,82998,7889.720234,654831000,2018-2019,Sugar Crop,2018.5,2,Bangladesh
Ripe Tal,81344,1984.448761,161423000,2019-2020,Sugar Crop,2019.5,2,Bangladesh
Ripe Tal,79666,1815.768333,144655000,2020-2021,Sugar Crop,2020.5,2,Bangladesh
Ripe Tal,15766,9161.803882,144445000,2021-2022,Sugar Crop,2021.5,2,Bangladesh
Ripe Tal,13814.08,13036.52505,180087600,2022-2023,Sugar Crop,2022.5,2,Bangladesh
Ripe Tal,13397.26,10621.75251,142302380.00,2023-2024,Sugar Crop,2023.5,2,Bangladesh
Ripe Tal,13301.13,10641.86953,141548890,2024-2025,Sugar Crop,2024.5,2,Bangladesh
Rose Flower,475,5898.947368,2802000,2015-2016,Flower (Permanent),2015.5,2,Bangladesh
Rose Flower,516,37792.63566,19501000,2016-2017,Flower (Permanent),2016.5,2,Bangladesh
Rose Flower,451,35427.93792,15978000,2017-2018,Flower (Permanent),2017.5,2,Bangladesh
Rose Flower,575,27876.52174,16029000,2018-2019,Flower (Permanent),2018.5,2,Bangladesh
Rose Flower,666,28818.31832,19193000,2019-2020,Flower (Permanent),2019.5,2,Bangladesh
Rose Flower,650,33818,21981700,2020-2021,Flower (Permanent),2020.5,2,Bangladesh
Rose Flower,608.09,33120.32758,20140140,2021-2022,Flower (Permanent),2021.5,2,Bangladesh
Rose Flower,667.37,32198.99007,21488640,2022-2023,Flower (Permanent),2022.5,2,Bangladesh
Rose Flower,705.82,32626.64702,23028540.00,2023-2024,Flower (Permanent),2023.5,2,Bangladesh
Rose Flower,723.9,32600.84266,23599750,2024-2025,Flower (Permanent),2024.5,2,Bangladesh
Sapodilla (Safeda),1436,4911.559889,7053000,2018-2019,Fruits (Permanent),2018.5,2,Bangladesh
Sapodilla (Safeda),1859,3405.056482,6330000,2019-2020,Fruits (Permanent),2019.5,2,Bangladesh
Sapodilla (Safeda),1683,3905.793226,6573450,2020-2021,Fruits (Permanent),2020.5,2,Bangladesh
Sapodilla (Safeda),1935.52,3341.913284,6468340,2021-2022,Fruits (Permanent),2021.5,2,Bangladesh
Sapodilla (Safeda),1661.43,4098.011954,6808560,2022-2023,Fruits (Permanent),2022.5,2,Bangladesh
Sapodilla (Safeda),1683.1,3968.801616,6679890.00,2023-2024,Fruits (Permanent),2023.5,2,Bangladesh
Sapodilla (Safeda),1654.51,4044.635572,6691890,2024-2025,Fruits (Permanent),2024.5,2,Bangladesh
Shimul Cotton,57,211228.0702,12040000,2015-2016,Fiber,2015.5,2,Bangladesh
Shimul Cotton,6,1944166.667,11665000,2016-2017,Fiber,2016.5,2,Bangladesh
Shimul Cotton,20137,846.7994239,17052000,2017-2018,Fiber,2017.5,2,Bangladesh
Shimul Cotton,18104,473.5969951,8574000,2018-2019,Fiber,2018.5,2,Bangladesh
Shimul Cotton,18732,2599.348708,48691000,2019-2020,Fiber,2019.5,2,Bangladesh
Shimul Cotton,8429.83,3563.99358,30043860,2020-2021,Fiber,2020.5,2,Bangladesh
Shimul Cotton,7988.49,3957.993313,31618390,2021-2022,Fiber,2021.5,2,Bangladesh
Shimul Cotton,7894.84,3865.540024,30517820,2022-2023,Fiber,2022.5,2,Bangladesh
Shimul Cotton,7883.46,3901.172835,30754740.00,2023-2024,Fiber,2023.5,2,Bangladesh
Shimul Cotton,6399.63,4191.979849,26827120,2024-2025,Fiber,2024.5,2,Bangladesh
Sugar apple (Ata),1413,4375.796178,6183000,2018-2019,Fruits (Permanent),2018.5,2,Bangladesh
Sugar apple (Ata),1388,4022.334294,5583000,2019-2020,Fruits (Permanent),2019.5,2,Bangladesh
Sugar apple (Ata),1533.5,3567.349201,5470530,2020-2021,Fruits (Permanent),2020.5,2,Bangladesh
Sugar apple (Ata),1525.03,3376.412267,5149130,2021-2022,Fruits (Permanent),2021.5,2,Bangladesh
Sugar apple (Ata),1550.62,3247.043118,5034930,2022-2023,Fruits (Permanent),2022.5,2,Bangladesh
Sugar apple (Ata),1746.61,3342.446224,5837950.00,2023-2024,Fruits (Permanent),2023.5,2,Bangladesh
Sugar apple (Ata),1576.79,3777.021671,5955570,2024-2025,Fruits (Permanent),2024.5,2,Bangladesh
Sweet orange (Malta),996,2736.947791,2726000,2018-2019,Fruits (Permanent),2018.5,2,Bangladesh
Sweet orange (Malta),1324,2615.558912,3463000,2019-2020,Fruits (Permanent),2019.5,2,Bangladesh
Sweet orange (Malta),13256,490.4729934,6501710,2020-2021,Fruits (Permanent),2020.5,2,Bangladesh
Sweet orange (Malta),4456.81,2304.14579,10269140,2021-2022,Fruits (Permanent),2021.5,2,Bangladesh
Sweet orange (Malta),4184.23,2123.688229,8886000,2022-2023,Fruits (Permanent),2022.5,2,Bangladesh
Sweet orange (Malta),4707.64,2350.222192,11064000.00,2023-2024,Fruits (Permanent),2023.5,2,Bangladesh
Sweet orange (Malta),4953.02,2610.354895,12929140,2024-2025,Fruits (Permanent),2024.5,2,Bangladesh
Tamarind,6279.99,1521.117072,9552600,2020-2021,Condiments & Spices,2020.5,2,Bangladesh
Tamarind,6377.03,1605.573441,10238790,2021-2022,Condiments & Spices,2021.5,2,Bangladesh
Tamarind,5872.06,1846.759059,10844280,2022-2023,Condiments & Spices,2022.5,2,Bangladesh
Tamarind,5598.16,1852.072824,10368200.00,2023-2024,Condiments & Spices,2023.5,2,Bangladesh
Tamarind,5656.42,1811.902228,10248880,2024-2025,Condiments & Spices,2024.5,2,Bangladesh
Tetul,81,135382.716,10966000,2015-2016,Fruits (Permanent),2015.5,2,Bangladesh
Tetul,22,491454.5455,10812000,2016-2017,Fruits (Permanent),2016.5,2,Bangladesh
Tetul,14804,787.4223183,11657000,2017-2018,Fruits (Permanent),2017.5,2,Bangladesh
Tetul,15461,753.1854343,11645000,2018-2019,Fruits (Permanent),2018.5,2,Bangladesh
Tetul,11274,1010.289161,11390000,2019-2020,Fruits (Permanent),2019.5,2,Bangladesh
water apple (Jamrul),8,1254625,10037000,2015-2016,Fruits (Permanent),2015.5,2,Bangladesh
water apple (Jamrul),8,1261375,10091000,2016-2017,Fruits (Permanent),2016.5,2,Bangladesh
water apple (Jamrul),8,1334875,10679000,2017-2018,Fruits (Permanent),2017.5,2,Bangladesh
water apple (Jamrul),5832,2164.09465,12621000,2018-2019,Fruits (Permanent),2018.5,2,Bangladesh
water apple (Jamrul),5913,2084.559445,12326000,2019-2020,Fruits (Permanent),2019.5,2,Bangladesh
water apple (Jamrul),6649.34,1920.08831,12767320,2020-2021,Fruits (Permanent),2020.5,2,Bangladesh
water apple (Jamrul),6147.47,217376.9046,1336318000,2021-2022,Fruits (Permanent),2021.5,2,Bangladesh
water apple (Jamrul),5952.58,2202.475229,13110410,2022-2023,Fruits (Permanent),2022.5,2,Bangladesh
water apple (Jamrul),3399.18,3720.500238,12646650.00,2023-2024,Fruits (Permanent),2023.5,2,Bangladesh
water apple (Jamrul),3319.75,3659.356879,12148150,2024-2025,Fruits (Permanent),2024.5,2,Bangladesh
Wood apple (bell),57,489736.8421,27915000,2015-2016,Fruits (Permanent),2015.5,2,Bangladesh
Wood apple (bell),62,463629.0323,28745000,2016-2017,Fruits (Permanent),2016.5,2,Bangladesh
Wood apple (bell),18110,1555.935947,28178000,2017-2018,Fruits (Permanent),2017.5,2,Bangladesh
Wood apple (bell),17901,1603.597564,28706000,2018-2019,Fruits (Permanent),2018.5,2,Bangladesh
Wood apple (bell),18784,1603.279387,30116000,2019-2020,Fruits (Permanent),2019.5,2,Bangladesh
Wood apple (bell),17995.18,1667.613216,30009000,2020-2021,Fruits (Permanent),2020.5,2,Bangladesh
Wood apple (bell),17975.34,1630.330775,29305750,2021-2022,Fruits (Permanent),2021.5,2,Bangladesh
Wood apple (bell),18335.92,1660.196489,30441230,2022-2023,Fruits (Permanent),2022.5,2,Bangladesh
Wood apple (bell),7354.33,4492.297735,33037840.00,2023-2024,Fruits (Permanent),2023.5,2,Bangladesh
Wood apple (bell),6379.73,4754.16201,30330270,2024-2025,Fruits (Permanent),2024.5,2,Bangladesh
